﻿Species ( Jetz and Pyron names),Genus,Species_scored,Catalog,Order,Family,Dentary,Maxilla,Premaxilla,Vomer,State
Acanthixalus_spinosus,Acanthixalus,Acanthixalus_spinosus,cas:herp:153800,Anura,Hyperoliidae,0,1,1,0,toothed_pm
Acris_crepitans,Acris,Acris_crepitans,uf:herp:67444,Anura,Hylidae,0,1,1,1,toothed_pmv
Adelastes_hylonomos,Adelastes,Adelastes hylonomos,amnh:herpetology:a-12369,Anura,Microhylidae,0,0,0,0,edentulous
Adelophryne_gutturosa,Adelophryne,Adelophryne_gutturosa,usnm:amphibians & reptiles:549315,Anura,Eleutherodactylidae,0,1,1,1,toothed_pmv
Adelotus_brevis,Adelotus,Adelotus_brevis,cas:herp:82351,Anura,Myobatrachidae,0,1,1,1,toothed_pmv
Adelphobates_quinquevittatus,Adelphobates,Adelphobates_quinquevittatus,ummz:herps:177942,Anura,Dendrobatidae,0,0,0,0,edentulous
Adenomera_andreae,Adenomera,Adenomera_andreae,uf:herp:43260,Anura,Leptodactylidae,0,1,1,1,toothed_pmv
Adenomus_kelaartii,Adenomus,Adenomus_kelaartii,fmnh:amphibiansandreptiles:1580,Anura,Bufonidae,0,0,0,0,edentulous
Afrixalus_orophilus,Afrixalus,Afrixalus_orophilus,uf:herp:38612,Anura,Hyperoliidae,0,1,1,0,toothed_pm
Agalychnis_callidryas,Agalychnis,Agalychnis_callidryas,cas:herp:146957,Anura,Phyllomedusidae,0,1,1,1,toothed_pmv
Agalychnis_lemur,Hylomantis,Hylomantis lemur,mvz:amphibian and reptile specimens:mvz:herp:210463,Anura,Hylidae,0,1,1,1,toothed_pmv
Aglyptodactylus_madagascariensis,Aglyptodactylus,Aglyptodactylus_madagascariensis,cas:herp:250204,Anura,Mantellidae,0,1,1,1,toothed_pmv
Albericus_darlingtoni,Choerophryne,Choerophryne_darlingtoni,amnh:herpetology:a-112842,Anura,Microhylidae,0,0,0,0,edentulous
Albericus_variegatus,Albericus,Albericus_variegatus,amnh:herpetology:a-66572,Anura,Microhylidae,0,0,0,0,edentulous
Alexteroon_obstetricans,Alexteroon,Alexteroon_obstetricans,usnm:amphibians & reptiles:580563,Anura,Hyperoliidae,0,1,1,0,toothed_pm
Allobates_femoralis,Allobates,Allobates_femoralis,ku:kuh:215180,Anura,Aromobatidae,0,1,1,0,toothed_pm
Allopaa_hazarensis,Allopaa,Allopaa_hazarensis,uf:herp:82421,Anura,Dicroglossidae,0,1,1,1,toothed_pmv
Allophryne_ruthveni,Allophryne,Allophryne_ruthveni,ku:kuh:166716,Anura,Allophrynidae,0,0,0,0,edentulous
Alsodes_nodosus,Alsodes,Alsodes_nodosus,cm:herps:68395,Anura,Alsodidae,0,1,1,1,toothed_pmv
Altiphrynoides_malcolmi,Altiphrynoides,Altiphrynoides_malcolmi,cas:herp:162120,Anura,Bufonidae,0,0,0,0,edentulous
Altiphrynoides_osgoodi,Spinophrynoides,Spinophrynoides_osgoodi,cas:herp:162117,Anura,Bufonidae,0,0,0,0,edentulous
Alytes_obstetricans,Alytes,Alytes_obstetricans,cas:sua:21691,Anura,Alytidae,0,1,1,1,toothed_pmv
Amazophrynella_bokermanni,Amazophrynella,Amazophrynella_bokermanni,usnm:amphibians & reptiles:340079,Anura,Bufonidae,0,0,0,0,edentulous
Ameerega_trivittata,Ameerega,Ameerega_trivittata,uf:herp:107200,Anura,Dendrobatidae,0,0,0,0,edentulous
Amietia_amieti,Amietia,Ametia_sp,cas:herp:250650,Anura,Pyxicephalidae,0,1,1,1,toothed_pmv
Amietophrynus_gutturalis,Sclerophrys,Sclerophrys_sp,uf:herp:187171,Anura,Bufonidae,0,0,0,0,edentulous
Amietophrynus_mauritanicus,Amietophrynus,Amietophrynus_sp,AMB10009,Anura,Bufonidae,0,0,0,0,edentulous
Amolops_compotrix,Amolops,Amolops_compotrix,ncsm:ncsm-herp:76356,Anura,Ranidae,0,1,1,1,toothed_pmv
Anaxyrus_fowleri,Anaxyrus,Anaxyrus_fowleri,uf:herp:3997.2,Anura,Bufonidae,0,0,0,0,edentulous
Andinobates_minutus,Andinobates,Andinobates_minutus,ummz:herps:167655,Anura,Dendrobatidae,0,0,0,0,edentulous
Anhydrophryne_rattrayi,Anhydrophryne,Anhydrophryne_rattrayi,cas:herp:156428,Anura,Pyxicephalidae,0,1,1,0,toothed_pm
Anodonthyla_boulengerii,Anodonthyla,Anodonthyla_boulengerii,cas:herp:250450,Anura,Microhylidae,0,1,1,0,toothed_pm
Anomaloglossus_atopoglossus,Ectopoglossus,Ectopoglossus_atopoglossus,ku:kuh:289251,Anura,Dendrobatidae,0,1,1,0,toothed_pm
Anomaloglossus_beebei,Anomaloglossus,Anomaloglossus_beebei,ku:kuh:69708,Anura,Aromobatidae,0,1,1,0,toothed_pm
Anotheca_spinosa,Anotheca,Anotheca_spinosa,uf:herp:137287,Anura,Hylidae,0,1,1,1,toothed_pmv
Ansonia_mcgregori,Ansonia,Ansonia_mcgregori,ku:kuh:334742,Anura,Bufonidae,0,0,0,0,edentulous
Aparasphenodon_brunoi,Aparasphenodon,Aparasphenodon_brunoi,ku:kuh:71787,Anura,Hylidae,0,1,1,1,toothed_pmv
Aphantophryne_pansa,Aphantophryne,Aphantophryne_pansa,amnh:herpetology:a-58120,Anura,Microhylidae,0,0,0,0,edentulous
Aplastodiscus_perviridis,Aplastodiscus,Aplastodiscus_perviridis,ku:kuh:92722,Anura,Hylidae,0,1,1,1,toothed_pmv
Arcovomer_passarellii,Arcovomer,Arcovomer_passarellii,amnh:herpetology:a-79861,Anura,Microhylidae,0,0,0,0,edentulous
Arenophryne_rotunda,Arenophryne,Arenophryne_rotunda ,amnh:herpetology:a-106749,Anura,Myobatrachidae,0,0,0,0,edentulous
Argenteohyla_siemersi,Argenteohyla,Argenteohyla_siemersi,ku:kuh:116935,Anura,Hylidae,0,1,1,1,toothed_pmv
Aromobates_mayorgai,Aromobates,Aromobates_mayorgai ,ku:kuh:132932,Anura,Aromobatidae,0,1,1,0,toothed_pm
Arthroleptella_lightfooti,Arthroleptella,Arthroleptella_lightfooti,cas:herp:157023,Anura,Pyxicephalidae,0,1,1,0,toothed_pm
Arthroleptides_martiensseni,Arthroleptides,Arthroleptides_martiensseni,cas:herp:168627,Anura,Petropedetidae,0,1,1,0,toothed_pm
Arthroleptis_bivittatus,Arthroleptis,Arthroleptis_bivittatus,cas:herp:207285,Anura,Arthroleptidae,0,1,1,0,toothed_pm
Arthroleptis_schubotzi,Arthroleptis,Arthroleptis_schubotzi,cas:herp:201762,Anura,Arthroleptidae,0,0,0,0,edentulous
Ascaphus_montanus,Ascaphus,Ascaphus_montanus,ku:kuh:31372,Anura,Ascaphidae,0,1,1,1,toothed_pmv
Assa_darlingtoni,Assa,Assa_darlingtoni,fmnh:amphibians and reptiles:228333,Anura,Myobatrachidae,0,1,1,0,toothed_pm
Asterophrys_turpicola,Asterophrys,Asterophrys_turpicola,amnh:herpetology:a-78098,Anura,Microhylidae,0,0,0,0,edentulous
Astylosternus_diadematus,Astylosternus,Astylosternus_diadematus,cas:herp:254126,Anura,Arthroleptidae,0,1,1,1,toothed_pmv
Atelognathus_patagonicus,Atelognathus,Atelognathus_patagonicus,cas:herp:141967,Anura,Batrachylidae,0,1,1,0,toothed_pm
Atelopus_ignescens,Atelopus,Atelopus_ignescens,uf:herp:39140,Anura,Bufonidae,0,0,0,0,edentulous
Atopophrynus_syntomopus,Atopophrynus,Atopophrynus syntomopus,amnh:herpetology:a-122260,Anura,Strabomantidae,0,0,0,0,edentulous
Aubria_masako,Aubria,Aubria_masako,mcz:herp:a-135999,Anura,Pyxicephalidae,0,1,1,1,toothed_pmv
Austrochaperina_robusta,Austrochaperina,Austrochaperina_robusta,amnh:herpetology:a-111401,Anura,Microhylidae,0,0,0,0,edentulous
Babina_adenopleura,Nidirana,Nidirana_adenopleura,ummz:herps:199195,Anura,Ranidae,0,1,1,1,toothed_pmv
Babina_subaspera,Babina,Babina subaspera,uf:herp:64239,Anura,Ranidae,0,1,1,1,toothed_pmv
Balebreviceps_hillmani,Balebreviceps,Balebreviceps_hillmani,cas:herp:167436,Anura,Brevicipitidae,0,0,0,0,edentulous
Barbarophryne_brongersmai,Barbarophryne,Barbarophryne_brongersmai,mvz:amphibianandreptilespecimens:mvz:herp:241541,Anura,Bufonidae,0,0,0,0,edentulous
Barbourula_busuangensis,Barbourula,Barbourula_busuangensis,uf:herp:70546,Anura,Bombinatoridae,0,1,1,1,toothed_pmv
Barycholos_pulcher,Barycholos,Barycholos_pulcher,uf:herp:68063,Anura,Strabomantidae,0,1,1,1,toothed_pmv
Barygenys_exsul,Barygenys,Barygenys_exsul ,amnh:herpetology:a-60059,Anura,Microhylidae,0,0,0,0,edentulous
Batrachyla_taeniata,Batrachyla,Batrachyla_taeniata,cas:herp:85253,Anura,Batrachylidae,0,1,1,1,toothed_pmv
Blommersia_blommersae,Blommersia,Blommersia_blommersae,ku:kuh:340765,Anura,Mantellidae,0,1,1,0,toothed_pm
Boehmantis_microtympanum,Boehmantis,Mantidactylus_microtympanum,ummz:herps:214595,Anura,Mantellidae,0,1,1,1,toothed_pmv
Bokermannohyla_circumdata,Bokermannohyla,Bokermannohyla_circumdata,ku:kuh:91987,Anura,Hylidae,0,1,1,1,toothed_pmv
Bombina_maxima,Bombina,Bombina_maxima,uf:herp:96648,Anura,Bombinatoridae,0,1,1,1,toothed_pmv
Boophis_boehmei,Boophis,Boophis_boehmei,cas:herp:250237,Anura,Mantellidae,0,1,1,1,toothed_pmv
Brachycephalus_ephippium,Brachycephalus,Brachycephalus_ephippium,uf:herp:72725,Anura,Brachycephalidae,0,0,0,0,edentulous
Brachytarsophrys_carinense,Brachytarsophrys,Brachytarsophrys_carinense,uf:herp:63888,Anura,Megophryidae,0,1,1,1,toothed_pmv
Breviceps_gibbosus,Breviceps,Breviceps_gibbosus,amnh:herpetology:a-3053,Anura,Brevicipitidae,0,0,0,0,edentulous
Bromeliohyla_bromeliacia,Bromeliohyla,Bromeliohyla_bromeliacia,mvz:amphibianandreptilespecimens:mvz:herp:-H-265651,Anura,Hylidae,0,1,1,1,toothed_pmv
Bryophryne_cophites,Bryophryne,Bryophryne_cophites,ku:kuh:173293,Anura,Strabomantidae,0,1,1,0,toothed_pm
Buergeria_japonica,Buergeria,Buergeria_japonica,cas:herp:211461,Anura,Rhacophoridae,0,1,1,0,toothed_pm
Bufo_gargarizans,Bufo,Bufo_gargarizans,usnm:amphibians & reptiles:248419,Anura,Bufonidae,0,0,0,0,edentulous
Bufotes_latastii,Bufotes,Bufotes_latastii,uf:herp:81385,Anura,Bufonidae,0,0,0,0,edentulous
Cacosternum_boettgeri,Cacosternum,Cacosternum_boettgeri,cas:herp:125890,Anura,Pyxicephalidae,0,1,1,0,toothed_pm
Cacosternum_namaquense,Cacosternum,Cacosternum_namaquense,cas:herp:156975,Anura,Pyxicephalidae,0,0,0,0,edentulous
Callixalus_pictus,Callixalus,Callixalus_pictus,uf:herp:27887,Anura,Hyperoliidae,0,1,1,0,toothed_pm
Callulina_kisiwamsitu,Callulina,Callulina_kisiwamsitu,cas:herp:168818,Anura,Brevicipitidae,0,0,0,0,edentulous
Callulops_stictogaster,Callulops,Callulops_stictogaster ,amnh:herpetology:a-74890,Anura,Microhylidae,0,0,0,0,edentulous
Calyptocephalella_gayi,Calyptocephalella,Calyptocephalella_gayi,cas:herp:10082,Anura,Calyptocephalellidae,0,1,1,1,toothed_pmv
Capensibufo_rosei,Capensibufo,Capensibufo_sp,cas:herp:156600,Anura,Bufonidae,0,0,0,0,edentulous
Cardioglossa_cyaneospila,Cardioglossa,Cardioglossa_cyaneospila,cas:herp:250950,Anura,Arthroleptidae,0,0,0,0,edentulous
Celsiella_revocata,Celsiella,Celsiella_revocata,T628,Anura,Centrolenidae,0,1,1,0,toothed_pm
Centrolene_buckleyi,Centrolene,Centrolene_buckleyi,uf:herp:30578,Anura,Centrolenidae,0,1,1,0,toothed_pm
Ceratobatrachus_guentheri,Cornufer,Cornufer_guentheri,uf:herp:80585,Anura,Ceratobatrachidae,0,1,1,1,toothed_pmv
Ceratophrys_aurita,Ceratophrys,Ceratophrys_aurita,cas:herp:84998,Anura,Ceratophryidae,0,1,1,1,toothed_pmv
Ceuthomantis_smaragdinus,Ceuthomantis,Ceuthomantis_smaragdinus,ku:kuh:315000,Anura,Ceuthomantidae,0,1,1,0,toothed_pm
Chacophrys_pierottii,Chacophrys,Chacophrys_pierottii,ku:kuh:191932,Anura,Ceratophryidae,0,1,1,1,toothed_pmv
Chaperina_fusca,Chaperina,Chaperina_fusca,uf:herp:68372,Anura,Microhylidae,0,0,0,0,edentulous
Charadrahyla_nephila,Charadrahyla,Charadrahyla_nephila,ku:kuh:100899,Anura,Hylidae,0,1,1,1,toothed_pmv
Chiasmocleis_crucis,Chiasmocleis,Chiasmocleis_crucis,uf:herp:9034,Anura,Microhylidae,0,0,0,0,edentulous
Chimerella_mariaelenae,Chimerella,Chimerella_sp,CORBIDI:H:10475,Anura,Centrolenidae,0,1,1,0,toothed_pm
Chiromantis_rufescens,Chiromantis,Chiromantis_rufescens,cas:herp:253330,Anura,Rhacophoridae,0,1,1,1,toothed_pmv
Chrysobatrachus_cupreonitens,Chrysobatrachus,Chrysobatrachus_cupreonitens,uf:herp:27884,Anura,Hyperoliidae,0,1,1,0,toothed_pm
Chrysopaa_sternosignata,Chrysopaa,Chrysopaa_sternosignata,uf:herp:85720,Anura,Dicroglossidae,0,1,1,1,toothed_pmv
Cochranella_granulosa,Cochranella,Cochranella_granulosa,uf:herp:137267,Anura,Centrolenidae,0,1,1,1,toothed_pmv
Colostethus_fugax,Leucostethus,Leucostethus_bilsa,CJ:8311,Anura,Dendrobatidae,0,1,1,0,toothed_pm
Colostethus_panamansis,Colostethus,Colostethus_panamansis,uf:herp:106871,Anura,Dendrobatidae,0,1,1,0,toothed_pm
Conraua_goliath,Conraua,Conraua_goliath,uf:herp:64720,Anura,Conrauidae,0,1,1,1,toothed_pmv
Cophixalus_cryptotympanum,Cophixalus,Cophixalus_cryptotympanum,mcz:herp:a-136648,Anura,Microhylidae,0,0,0,0,edentulous
Cophyla_phyllodactyla,Cophyla,Cophyla_phyllodactyla,ummz:herps:219339,Anura,Microhylidae,0,1,1,0,toothed_pm
Copiula_oxyrhina,Copiula,Copiula_oxyrhina,amnh:herpetology:a-60046,Anura,Microhylidae,0,0,0,0,edentulous
Corythomantis_greeningi,Corythomantis,Corythomantis_greeningi,ku:kuh:92220,Anura,Hylidae,0,1,1,1,toothed_pmv
Craugastor_laticeps,Craugastor,Craugastor_laticeps,uf:herp:157233,Anura,Craugastoridae,0,1,1,1,toothed_pmv
Crinia_insignifera,Crinia,Crinia_insignifera,cas:herp:100927,Anura,Myobatrachidae,0,1,1,1,toothed_pmv
Crossodactylodes_izecksohni,Crossodactylodes,Crossodactylodes_sp,cas:sua:11774,Anura,Leptodactylidae,0,1,1,1,toothed_pmv
Crossodactylus_gaudichaudii,Crossodactylus,Crossodactylus_gaudichaudii,usnm:amphibians & reptiles:81155,Anura,Hylodidae,0,1,1,0,toothed_pm
Cruziohyla_calcarifer,Cruziohyla,Cruziohyla_calcarifer,uf:herp:137291,Anura,Phyllomedusidae,0,1,1,1,toothed_pmv
Cryptobatrachus_boulengeri,Cryptobatrachus,Cryptobatrachus_boulengeri,usnm:amphibians & reptiles:92599,Anura,Hemiphractidae,0,1,1,1,toothed_pmv
Cryptothylax_greshoffii,Cryptothylax,Cryptothylax_greshoffii,cas:herp:258216,Anura,Hyperoliidae,0,1,1,1,toothed_pmv
Ctenophryne_geayi,Ctenophryne,Ctenophryne_geayi,amnh:herpetology:a-166441,Anura,Microhylidae,0,0,0,0,edentulous
Cycloramphus_asper,Cycloramphus,Cycloramphus_asper,cm:herps:68338,Anura,Cycloramphidae,0,1,1,1,toothed_pmv
Dasypops_schirchi,Dasypops,Dasypops_schirchi,amnh:herpetology:a-69926,Anura,Microhylidae,0,0,0,0,edentulous
Dendrobates_tinctorius,Dendrobates,Dendrobates_tinctorius,ypm:vz:ypm hera 010610,Anura,Dendrobatidae,0,0,0,0,edentulous
Dendrophryniscus_brevipollicatus,Dendrophryniscus,Dendrophryniscus_brevipollicatus,ku:kuh:93172,Anura,Bufonidae,0,0,0,0,edentulous
Dendropsophus_leucophyllatus,Dendropsophus,Dendropsophus_leucophyllatus,mvz:amphibian and reptile specimens:mvz:herp:247539,Anura,Hylidae,0,1,1,1,toothed_pmv
Dermatonotus_muelleri,Dermatonotus,Dermatonotus_muelleri,amnh:herpetology:a-190695,Anura,Microhylidae,0,0,0,0,edentulous
Diasporus_diastema,Diasporus,Diasporus_diastema,uf:herp:156143,Anura,Eleutherodactylidae,0,1,1,1,toothed_pmv
Didynamipus_sjostedti,Didynamipus,Didynamipus_sjostedti,cas:herp:162676,Anura,Bufonidae,0,0,0,0,edentulous
Dischidodactylus_duidensis,Dischidodactylus,Dischidodactylus duidensis,amnh:herpetology:a-23192,Anura,Strabomantidae,0,1,1,1,toothed_pmv
Discoglossus_pictus,Discoglossus,Discoglossus_pictus,ku:kuh:144217,Anura,Alytidae,0,1,1,1,toothed_pmv
Duellmanohyla_soralia,Duellmanohyla,Duellmanohyla_soralia,mvz:amphibianandreptilespecimens:mvz:herp:269958,Anura,Hylidae,0,1,1,1,toothed_pmv
Duttaphrynus_dodsoni,Duttaphrynus,Duttaphrynus_dodsoni,cas:herp:227515,Anura,Bufonidae,0,0,0,0,edentulous
Dyscophus_antongilii,Dyscophus,Dyscophus_antongilii,mcz:herp:a-11792,Anura,Microhylidae,0,1,1,1,toothed_pmv
Ecnomiohyla_minera,Ecnomiohyla,Ecnomiohyla_minera,mvz:amphibianandreptilespecimens:mvz:herp:-130790,Anura,Hylidae,0,1,1,1,toothed_pmv
Ecnomiohyla_miotympanum,Rheohyla,Rheohyla_miotympanum,ummz:herps:124847,Anura,Hylidae,0,1,1,0,toothed_pm
Edalorhina_perezi,Edalorhina,Edalorhina_perezi,cas:sua:11446,Anura,Leptodactylidae,0,1,1,0,toothed_pm
Elachistocleis_bicolor,Elachistocleis,Elachistocleis_bicolor,amnh:herpetology:a-19891,Anura,Microhylidae,0,0,0,0,edentulous
Eleutherodactylus_orientalis,Eleutherodactylus,Eleutherodactylus_orientalis, uf:herp:167747,Anura,Eleutherodactylidae,0,1,1,1,toothed_pmv
Engystomops_pustulatus,Engystomops,Engystomops_pustulatus,uf:herp:98144,Anura,Leptodactylidae,0,1,1,0,toothed_pm
Engystomops_pustulosus,Engystomops,Engystomops_pustulosus,cas:sua:21892,Anura,Leptodactylidae,0,0,0,0,edentulous
Epidalea_calamita,Epidalea,Epidalea_calamita,mvz:amphibianandreptilespecimens:mvz:herp:148877,Anura,Bufonidae,0,0,0,0,edentulous
Epipedobates_tricolor,Epipedobates,Metacrinia,ku:kuh:219763,Anura,Dendrobatidae,0,1,1,0,toothed_pm
Espadarana_prosoblepon,Espadarana,Espadarana_prosoblepon,ku:kuh:164632,Anura,Centrolenidae,0,1,1,1,toothed_pmv
Euparkerella_brasiliensis,Euparkerella,Euparkerella_brasiliensis ,fmnh:amphibiansandreptiles:170010,Anura,Craugastoridae,0,1,1,0,toothed_pm
Eupemphix_nattereri,Physalaemus,Physalaemus_nattereri,mcz:herp:a-30113,Anura,Leptodactylidae,0,0,0,0,edentulous
Euphlyctis_cyanophlyctis,Euphlyctis,Euphlyctis_cyanophlyctis,cas:herp:243588,Anura,Dicroglossidae,0,1,1,1,toothed_pmv
Eupsophus_roseus,Eupsophus,Eupsophus_roseus,cm:herps:63926,Anura,Alsodidae,0,1,1,1,toothed_pmv
Exerodonta_catracha,Exerodonta,Exerodonta_catracha,uf:herp:142360,Anura,Hylidae,0,1,1,1,toothed_pmv
Feihyla_palpebralis,Feihyla,Feihyla_palpebralis,ncsm:ncsm-herp:80341,Anura,Rhacophoridae,0,1,1,0,toothed_pm
Fejervarya_limnocharis,Fejervarya,Fejervarya_limnocharis,cas:herp:23509,Anura,Dicroglossidae,0,1,1,1,toothed_pmv
Flectonotus_fitzgeraldi,Flectonotus,Flectonotus_fitzgeraldi ,ku:kuh:181983,Anura,Hemiphractidae,0,1,1,1,toothed_pmv
Fritziana_fissilis,Fritziana,Fritziana_fissilis ,ku:kuh:187470,Anura,Hemiphractidae,0,1,1,1,toothed_pmv
Frostius_pernambucensis,Frostius,Frostius_pernambucensis,usnm:amphibians & reptiles:565102,Anura,Bufonidae,0,0,0,0,edentulous
Gastrophryne_carolinensis,Gastrophryne,Gastrophryne_carolinensis,uf:herp:110645,Anura,Microhylidae,0,0,0,0,edentulous
Gastrophrynoides_borneensis,Gastrophrynoides,Gastrophrynoides_borneensis,fmnh:amphibiansandreptiles:146185,Anura,Microhylidae,0,0,0,0,edentulous
Gastrotheca_cornuta,Gastrotheca,Gastrotheca_cornuta,uf:herp:71755,Anura,Hemiphractidae,0,1,1,1,toothed_pmv
Gastrotheca_guentheri,Gastrotheca,Gastrotheca_guentheri,ku:kuh:164226,Anura,Hemiphractidae,1,1,1,1,toothed_pmv
Geobatrachus_walkeri,Geobatrachus,Geobatrachus_walkeri,mcz:herp:a-10213,Anura,Strabomantidae,0,1,1,0,toothed_pm
Geocrinia_laevis,Geocrinia,Geocrinia_laevis,ku:kuh:186932,Anura,Myobatrachidae,0,1,1,1,toothed_pmv
Gephyromantis_malagasius,Gephyromantis,Gephyromantis_malagasius,ku:kuh:340736,Anura,Mantellidae,0,1,1,0,toothed_pm
Glandirana_minima,Glandirana,Glandirana_rugosa,uf:herp:22316,Anura,Ranidae,0,1,1,1,toothed_pmv
Glyphoglossus_molossus,Glyphoglossus,Glyphoglossus_molossus,cas:herp:243121,Anura,Microhylidae,0,0,0,0,edentulous
Gracixalus_gracilipes,Gracixalus,Gracixalus_gracilipes,ku:kuh:311718,Anura,Rhacophoridae,0,1,1,0,toothed_pm
Guibemantis_depressiceps,Guibemantis,Guibemantis_depressiceps,cas:herp:251213,Anura,Mantellidae,0,1,1,1,toothed_pmv
Haddadus_binotatus,Haddadus,Haddadus_binotatus,usnm:amphibians & reptiles:303295,Anura,Craugastoridae,0,1,1,1,toothed_pmv
Hadromophryne_natalensis,Hadromophryne,Hadromophryne_natalensis,cas:herp:156289,Anura,Heleophrynidae,0,1,1,1,toothed_pmv
Hamptophryne_boliviana,Hamptophryne,Hamptophryne_boliviana,amnh:herpetology:a-115764,Anura,Microhylidae,0,0,0,0,edentulous
Heleioporus_eyrei,Heleioporus,Heleioporus_eyrei,mcz:herp:a-139552,Anura,Myobatrachidae,0,1,1,0,toothed_pm
Heleophryne_purcelli,Heleophryne,Heleophryne_purcelli,cas:herp:157090,Anura,Heleophrynidae,0,1,1,1,toothed_pmv
Hemiphractus_proboscideus,Hemiphractus,Hemiphractus_proboscideus,uf:herp:43204,Anura,Hemiphractidae,0,1,1,1,toothed_pmv
Hemisus_guineensis,Hemisus,Hemisus_guineensis,cas:herp:258533,Anura,Hemisotidae,0,0,0,0,edentulous
Heterixalus_rutenbergi,Heterixalus,Heterixalus_sp,cas:herp:250262,Anura,Hyperoliidae,0,1,1,0,toothed_pm
Hildebrandtia_ornata,Hildebrandtia,Hildebrandtia_ornata,cas:herp:154657,Anura,Ptychadenidae,0,1,1,1,toothed_pmv
Holoaden_luederwaldti,Holoaden,Holoaden_luederwaldti,mcz:herp:a-100139,Anura,Strabomantidae,0,1,1,1,toothed_pmv
Hoplobatrachus_tigerinus,Hoplobatrachus,Hoplobatrachus_tigerinus,ummz:herps:240539,Anura,Dicroglossidae,0,1,1,1,toothed_pmv
Hoplophryne_rogersi,Hoplophryne,Hoplophryne_rogersi,cas:herp:168679,Anura,Microhylidae,0,0,0,0,edentulous
Huia_cavitympanum,Huia,Huia_cavitympanum,fmnh:amphibiansandreptiles:219902,Anura,Ranidae,0,1,1,1,toothed_pmv
Hyalinobatrachium_fleischmanni,Hyalinobatrachium,Hyalinobatrachium_fleishmanni,uf:herp:140640,Anura,Centrolenidae,0,1,1,1,toothed_pmv
Hydrolaetare_schmidti,Hydrolaetare,Hydrolaetare_schmidti,ku:kuh:220904,Anura,Leptodactylidae,0,1,1,1,toothed_pmv
Hyla_andersonii,Hyla,Hyla_andersonii,uf:herp:30274,Anura,Hylidae,0,1,1,1,toothed_pmv
Hyla_cinerea,Dryophytes,Hyla_cinerea,uf:herp:123473,Anura,Hylidae,0,1,1,1,toothed_pmv
Hylarana_albolabris,Amnirana,Amnirana_albolabris,cas:herp:258101,Anura,Ranidae,0,1,1,1,toothed_pmv
Hylarana_arfaki,Papurana,Papurana_arfaki,uf:herp:121106,Anura,Ranidae,0,1,1,1,toothed_pmv
Hylarana_chalconota,Chalcorana,Chalcorana_chalconota,ku:kuh:153957,Anura,Ranidae,0,1,1,1,toothed_pmv
Hylarana_crassiovis,Sumaterana,Sumaterana_crassiovis,fmnh:amphibians and reptiles:266751,Anura,Ranidae,0,1,1,1,toothed_pmv
Hylarana_galamensis,Hylarana,Hylarana_galamensis,cas:herp:214840,Anura,Ranidae,0,1,1,1,toothed_pmv
Hylarana_grandocula,Pulchrana,Pulchrana_grandocula,ku:kuh:326399,Anura,Ranidae,0,1,1,1,toothed_pmv
Hylarana_humeralis,Humerana,Humerana_humeralis,fmnh:amphibians and reptiles:97975,Anura,Ranidae,0,1,1,1,toothed_pmv
Hylarana_luctuosa,Abavorana,Abavorana_nazgul ,ku:kuh:335757,Anura,Ranidae,0,1,1,1,toothed_pmv
Hylarana_malabarica,Hydrophylax,Hydrophylax_malabarica,fmnh:amphibians and reptiles:134775,Anura,Ranidae,0,1,1,1,toothed_pmv
Hylarana_milleti,Indosylvirana,Indosylvirana_milleti ,fmnh:amphibiansandreptiles:253436,Anura,Ranidae,0,1,1,1,toothed_pmv
Hylarana_nigrovittata,Sylvirana,Sylvirana_nigrovittatus,ncsm:ncsm-herp:79411,Anura,Ranidae,0,1,1,1,toothed_pmv
Hylodes_asper,Hylodes,Hylodes_asper,cm:herps:45975,Anura,Hylodidae,0,1,1,1,toothed_pmv
Hylophorbus_rufescens,Hylophorbus,Hylophorbus_rufescens,amnh:herpetology:a-59961,Anura,Microhylidae,0,0,0,0,edentulous
Hylorina_sylvatica,Hylorina,Hylorina_sylvatica,cas:herp:141996,Anura,Batrachylidae,0,1,1,1,toothed_pmv
Hyloscirtus_bogotensis,Hyloscirtus,Hyloscirtus_bogotensis,uf:herp:107860,Anura,Hylidae,0,1,1,1,toothed_pmv
Hyloxalus_fuliginosus,Hyloxalus,Hyloxalus fuliginosus,ku:kuh:182106,Anura,Dendrobatidae,0,1,1,0,toothed_pm
Hymenochirus_boettgeri,Hymenochirus,Hymenochirus_boettgeri,cas:herp:253587,Anura,Pipidae,0,0,0,0,edentulous
Hyperolius_angolensis,Hyperolius,Hyperolius_angolensis,uf:herp:185635,Anura,Hyperoliidae,0,1,1,0,toothed_pm
Hypodactylus_araiodactylus,Hypodactylus,Hypodactylus_araiodactylus,uf:herp:40764,Anura,Strabomantidae,0,1,1,1,toothed_pmv
Hypopachus_barberi,Hypopachus,Hypopachus_barberi ,MVZ149057,Anura,Microhylidae,0,0,0,0,edentulous
Hypsiboas_boans,Hypsiboas,Hypsiboas_boans,uf:herp:73746,Anura,Hylidae,0,1,1,1,toothed_pmv
Hypsiboas_heilprini,Boana,Hypsiboas_heilprini,uf:herp:57613,Anura,Hylidae,0,1,1,1,toothed_pmv
Ikakogi_tayrona,Ikakogi,Ikakogi_tayrona,ku:kuh:169750,Anura,Centrolenidae,0,1,1,0,toothed_pm
Incilius_epioticus,Incilius,Incilius_epiotica,ku:kuh:107403,Anura,Bufonidae,0,0,0,0,edentulous
Indirana_diplosticta,Walkerana,Sallywalkerana_diplosticta,fmnh:amphibiansandreptiles:217983,Anura,Ranixalidae,0,1,1,1,toothed_pmv
Indirana_phrynoderma,Indirana,Indirana_phrynoderma,CES:F:648,Anura,Ranixalidae,0,1,1,1,toothed_pmv
Ingerana_alpina,Liurana,Liurana_alpina,KIZ:026713,Anura,Ceratobatrachidae,0,1,1,0,toothed_pm
Ingerana_mariae,Alcalus,Alcalus_maria ,ku:kuh:309521,Anura,Ceratobatrachidae,0,1,1,1,toothed_pmv
Ingerana_tenasserimensis,Ingerana,Ingerana_tenasserimensis,usnm:amphibians & reptiles:586923,Anura,Dicroglossidae,0,1,1,0,toothed_pm
Ingerophrynus_biporcatus,Ingerophrynus,Ingerophrynus_biporcatus,uf:herp:29244,Anura,Bufonidae,0,0,0,0,edentulous
Ischnocnema_gualteri,Ischnocnema,Ischnocnema_gualteri,usnm:amphibians & reptiles:96454,Anura,Brachycephalidae,0,1,1,1,toothed_pmv
Isthmohyla_pseudopuma,Isthmohyla,Isthmohyla_pseudopuma,mcz:herp:a-A-29108,Anura,Hylidae,0,1,1,1,toothed_pmv
Itapotihyla_langsdorffii,Itapotihyla,Itapotihyla_langsdorffii,ku:kuh:146850,Anura,Hylidae,0,1,1,1,toothed_pmv
Kalophrynus_pleurostigma,Kalophrynus,Kalophrynus_pleurostigma,cas:sua:22070,Anura,Microhylidae,0,0,0,0,edentulous
Kaloula_kalingensis,Kaloula,Kaloula_kalingensis,ku:kuh:337714,Anura,Microhylidae,0,0,0,0,edentulous
Kassina_senegalensis,Kassina,Kassina_senegalensis,uf:herp:28288,Anura,Hyperoliidae,0,1,1,0,toothed_pm
Kassinula_wittei,Kassinula,Kassinula_wittei,cas:herp:196702,Anura,Hyperoliidae,0,1,1,0,toothed_pm
Kurixalus_appendiculatus,Rhacophorus,Rhacophorus_appendiculatus,ku:kuh:322222,Anura,Rhacophoridae,0,1,1,1,toothed_pmv
Kurixalus_odontotarsus,Kurixalus,Kurixalus_odontotarsus,ncsm:ncsm-herp:86708,Anura,Rhacophoridae,0,1,1,1,toothed_pmv
Laliostoma_labrosum,Laliostoma,Laliostoma_labrosum,fmnh:amphibiansandreptiles:79801,Anura,Mantellidae,0,1,1,1,toothed_pmv
Lankanectes_corrugatus,Lankanectes,Lankanectes_corrugatus,fmnh:amphibiansandreptiles:81229,Anura,Nyctibatrachidae,0,1,1,1,toothed_pmv
Lanzarana_largeni,Lanzarana,Lanzarana_largeni,usnm:amphibians & reptiles:233868,Anura,Ptychadenidae,0,1,1,0,toothed_pm
Laurentophryne_parkeri,Laurentophryne,Laurentophryne_parkeri,RMCA:VERT:B.105045,Anura,Bufonidae,0,0,0,0,edentulous
Lechriodus_melanopyga,Lechriodus,Lechriodus_melanopyga,uf:herp:121100,Anura,Myobatrachidae,0,1,1,1,toothed_pmv
Leiopelma_hamiltoni,Leiopelma,Leiopelma_hamiltoni,cas:herp:53931,Anura,Leiopelmatidae,0,1,1,1,toothed_pmv
Lepidobatrachus_asper,Lepidobatrachus,Lepidobatrachus_asper,uf:herp:12347,Anura,Ceratophryidae,0,1,1,1,toothed_pmv
Leptobrachella_mjobergi,Leptobrachella,Leptobrachella_mjobergi,fmnh:amphibiansandreptiles:273699,Anura,Megophryidae,0,1,1,0,toothed_pm
Leptobrachium_hasseltii,Leptobrachium,Leptobrachium_hasseltii,uf:herp:61841,Anura,Megophryidae,0,1,1,0,toothed_pm
Leptodactylodon_ovatus,Leptodactylodon,Leptodactylodon_ovatus,cas:herp:253933,Anura,Arthroleptidae,0,1,1,1,toothed_pmv
Leptodactylus_pentadactylus,Leptodactylus,Leptodactylus_pentadactylus,uf:herp:103788,Anura,Leptodactylidae,0,1,1,1,toothed_pmv
Leptolalax_pelodytoides,Leptolalax,Leptolalax_pelodytoides,fmnh:amphibiansandreptiles:263450,Anura,Megophryidae,0,1,1,0,toothed_pm
Leptopelis_notatus,Leptopelis,Leptopelis_notatus,cas:herp:253554,Anura,Arthroleptidae,0,1,1,1,toothed_pmv
Leptophryne_borbonica,Leptophryne,Leptophryne_borbonica,ku:kuh:98135,Anura,Bufonidae,0,0,0,0,edentulous
Limnodynastes_convexiusculus,Limnodynastes,Limnodynastes_convexiusculus, cas:herp:121263,Anura,Myobatrachidae,0,1,1,1,toothed_pmv
Limnomedusa_macroglossa,Limnomedusa,Limnomedusa_macroglossa,cm:herps:55388,Anura,Alsodidae,0,1,1,1,toothed_pmv
Limnonectes_kuhlii,Limnonectes,Limnonectes_kuhlii,tnhc:herpetology:59829,Anura,Dicroglossidae,0,1,1,1,toothed_pmv
Lithodytes_lineatus,Lithodytes,Lithodytes_lineatus,MNHN1978.335,Anura,Leptodactylidae,0,1,1,1,toothed_pmv
Litoria_aurea,Ranoidea,Ranoidea_aurea,uf:herp:109124,Anura,Pelodryadidae,0,1,1,1,toothed_pmv
Litoria_multicolor,Litoria,Litoria_sp,uf:herp:109124,Anura,Pelodryadidae,0,1,1,1,toothed_pmv
Lynchius_nebulanastes,Lynchius,Lynchius_nebulanastes,ku:kuh:181402,Anura,Strabomantidae,0,1,1,1,toothed_pmv
Lysapsus_laevis,Lysapsus,Lysapsus_laevis,cas:herp:257656,Anura,Hylidae,0,1,1,1,toothed_pmv
Macrogenioglottus_alipioi,Macrogenioglottis,Macrogenioglottus_alipioi,usnm:amphibians & reptiles:200455,Anura,Odontophrynidae,0,1,1,1,toothed_pmv
Madecassophryne_truebae,Madecassophryne,Madecassophryne_truebae,ummz:herps:198831,Anura,Microhylidae,0,0,0,0,edentulous
Mannophryne_trinitatis,Mannophryne,Mannophryne_trinitatis,cas:herp:231816,Anura,Dendrobatidae,0,1,1,0,toothed_pm
Mantella_baroni,Mantella,Mantella_baroni,cas:herp:250387,Anura,Mantellidae,0,0,0,0,edentulous
Mantophryne_lateralis,Mantophryne,Mantophryne_lateralis,lsumz:herps:97987,Anura,Microhylidae,0,0,0,0,edentulous
Megaelosia_goeldii,Megaelosia,Megaelosia_goeldii,ku:kuh:92962,Anura,Hylodidae,0,1,1,1,toothed_pmv
Megastomatohyla_mixomaculata,Megastomatohyla,Megastomatohyla_mixomaculata,ummz:herps:118171,Anura,Hylidae,0,1,1,1,toothed_pmv
Melanobatrachus_indicus,Melanobatrachus,Melanobatrachus_indicus,CES:F:1807,Anura,Microhylidae,0,0,0,0,edentulous
Melanophryniscus_stelzneri,Melanophryniscus,Melanophryniscus_stelzneri,uf:herp:63183,Anura,Bufonidae,0,0,0,0,edentulous
Meristogenys_jerboa,Meristogenys,Meristogenys_jerboa,ku:kuh:155612,Anura,Ranidae,0,1,1,1,toothed_pmv
Mertensophryne_micranotis,Mertensophryne,Mertensophryne_micranotis,cas:herp:162553,Anura,Bufonidae,0,0,0,0,edentulous
Metacrinia_nichollsi,Metacrinia,Metacrinia_nichollsi,mcz:herp:a-58884,Anura,Myobatrachidae,0,0,0,0,edentulous
Metaphrynella_pollicaris,Metaphrynella,Metaphrynella_pollicaris,ku:kuh:335688,Anura,Microhylidae,0,0,0,0,edentulous
Metaphryniscus_sosai,Metaphryniscus,Metaphryniscus_sosai,usnm:amphibians & reptiles:550148,Anura,Bufonidae,0,0,0,0,edentulous
Micrixalus_silvaticus,Micrixalus,Micrixalus_adonis,CES:F:1647,Anura,Micrixalidae,0,1,1,0,toothed_pm
Microbatrachella_capensis,Microbatrachella,Microbatrachella_capensis,cas:herp:157008,Anura,Pyxicephalidae,0,1,1,0,toothed_pm
Microhyla_achatina,Microhyla,Microhyla_achatina,mcz:herp:a-2683,Anura,Microhylidae,0,0,0,0,edentulous
Micryletta_inornata,Micryletta,Micryletta_inornata,cas:herp:231524,Anura,Microhylidae,0,0,0,0,edentulous
Minyobates_steyermarki,Minyobates,Minyobates_steyermarki,ku:kuh:189176,Anura,Dendrobatidae,0,0,0,0,edentulous
Mixophyes_fasciolatus,Mixophyes,Mixophyes_fasciolatus,cas:herp:82050,Anura,Myobatrachidae,0,1,1,1,toothed_pmv
Myersiella_microps,Myersiella,Myersiella_microps,amnh:herpetology:a-79860,Anura,Microhylidae,0,0,0,0,edentulous
Myersiohyla_neblinaria,Myersiohyla,Myersiohyla_neblinaria,usnm:amphibians & reptiles:562071,Anura,Hylidae,0,1,1,1,toothed_pmv
Myobatrachus_gouldii,Myobatrachus,Myobatrachus_gouldii,mcz:herp:a-139543,Anura,Myobatrachidae,0,0,0,0,edentulous
Nannophryne_variegata,Nannophryne,Nannophryne_variegata,usnm:amphibians & reptiles:15124,Anura,Bufonidae,0,0,0,0,edentulous
Nanorana_pleskei,Nanorana,Nanorana_pleskei,usnm:amphibians & reptiles:82721,Anura,Dicroglossidae,0,1,1,1,toothed_pmv
Nasikabatrachus_sahyadrensis,Nasikabatrachus,Nasikabatrachus_sahyadrensis,CES:F:203,Anura,Nasikabatrachidae,0,0,0,0,edentulous
Natalobatrachus_bonebergi,Natalobatrachus,Natalobatrachus_bonebergi,cas:herp:156617,Anura,Pyxicephalidae,0,1,1,0,toothed_pm
Nectophryne_afra,Nectophryne,Nectophryne_afra,cas:herp:258098,Anura,Bufonidae,0,0,0,0,edentulous
Nectophrynoides_viviparus,Nectophrynoides,Nectophrynoides_viviparus,cas:herp:174045,Anura,Bufonidae,0,0,0,0,edentulous
Neobatrachus_pictus,Neobatrachus,Neobatrachus_pictus,uf:herp:100822,Anura,Myobatrachidae,0,1,1,1,toothed_pmv
Nimbaphrynoides_occidentalis,Nimbaphrynoides,Nimbaphrynoides_occidentalis,: mcz:herp:a-26364,Anura,Bufonidae,0,0,0,0,edentulous
Noblella_myrmecoides,Noblella,Noblella_myrmecoides,mcz:herp:a-A-89110,Anura,Craugastoridae,0,1,1,0,toothed_pm
Notaden_bennettii,Notaden,Notaden_bennettii,cas:herp:78115,Anura,Myobatrachidae,0,0,0,0,edentulous
Nothophryne_broadleyi,Nothophryne,Nothophryne_broadleyi,cas:herp:156126,Anura,Pyxicephalidae,0,1,1,0,toothed_pm
Nyctibates_corrugatus,Nyctibates,Nyctibates_corrugatus,cas:herp:256829,Anura,Arthroleptidae,0,1,1,1,toothed_pmv
Nyctibatrachus_aliciae,Nyctibatrachus,Nyctibatrachus_aliciae,CES:F:775,Anura,Nyctibatrachidae,0,1,1,1,toothed_pmv
Nyctimantis_rugiceps,Nyctimantis,Nyctimantis_rugiceps,ku:kuh:152476,Anura,Hylidae,0,1,1,1,toothed_pmv
Nyctimystes_daymani,Nyctimystes,Nyctimystes_daymani,uf:herp:109158,Anura,Pelodryadidae,0,1,1,1,toothed_pmv
Nyctixalus_spinosus,Nyctixalus,Nyctixalus_spinosus,cas:sua:20916,Anura,Rhacophoridae,0,1,1,0,toothed_pm
Nymphargus_griffithsi,Nymphargus,Nymphargus_griffithsi,ku:kuh:118016,Anura,Centrolenidae,0,1,1,1,toothed_pmv
Occidozyga_laevis,Occidozyga,Occidozyga_laevis,ku:kuh:320174,Anura,Dicroglossidae,0,1,1,0,toothed_pm
Odontobatrachus_natator,Odontobatrachus,Odontobatrachus_natator,cas:herp:230204,Anura,Odontobatrachidae,0,1,1,1,toothed_pmv
Odontophrynus_americanus,Odontophrynus,Odontophrynus_americanus,cm:herps:147828,Anura,Odontophrynidae,0,1,1,1,toothed_pmv
Odorrana_livida,Odorrana,Odorrana_livida,fmnh:amphibiansandreptiles:24677,Anura,Ranidae,0,1,1,1,toothed_pmv
Oophaga_pumilio,Oophaga,Oophaga_pumilio,uf:herp:80874,Anura,Dendrobatidae,0,0,0,0,edentulous
Opisthothylax_immaculatus,Opisthothylax,Opisthothylax_immaculatus,cas:herp:258235,Anura,Hyperoliidae,0,1,1,0,toothed_pm
Oreobates_quixensis,Oreobates,Oreobates_quixensis,cas:sua:11453,Anura,Strabomantidae,0,1,1,1,toothed_pmv
Oreolalax_pingii,Oreolalax,Oreolalax_pingii,cas:herp:194560,Anura,Megophryidae,0,1,1,0,toothed_pm
Oreophryne_streiffeleri,Oreophryne,Oreophryne_streiffeleri,amnh:herpetology:a-192281,Anura,Microhylidae,0,0,0,0,edentulous
Oreophrynella_nigra,Oreophrynella,Oreophrynella_nigra,usnm:amphibians & reptiles:550182,Anura,Bufonidae,0,0,0,0,edentulous
Osornophryne_bufoniformis,Osornophryne,Osornophryne_bufoniformis,usnm:amphibians & reptiles:322774,Anura,Bufonidae,0,0,0,0,edentulous
Osteocephalus_taurinus,Osteocephalus,Osteocephalus_taurinus,uf:herp:27081,Anura,Hylidae,0,1,1,1,toothed_pmv
Osteopilus_septentrionalis,Osteopilus,Osteopilus_septentrionalis,uf:herp:63656,Anura,Hylidae,0,1,1,1,toothed_pmv
Otophryne_robusta,Otophryne,Otophryne_robusta,amnh:herpetology:a-131554,Anura,Microhylidae,0,0,0,0,edentulous
Oxydactyla_stenodactyla,Oxydactyla,Oxydactyla_stenodactyla,mcz:herp:a-A-111974,Anura,Microhylidae,0,0,0,0,edentulous
Paedophryne_amauensis,Paedophryne,Paedophryne_amauensis,lsumz:herps:95004,Anura,Microhylidae,0,0,0,0,edentulous
Paracassina_obscura,Paracassina,Paracassina_obscura,cas:herp:145354,Anura,Hyperoliidae,0,1,1,0,toothed_pm
Paracrinia_haswelli,Paracrinia,Paracrinia_haswelli,mcz:herp:a-A-45643,Anura,Myobatrachidae,0,1,1,1,toothed_pmv
Paradoxophyla_palmata,Paradoxophyla,Paradoxophyla_palmata,mcz:herp:a-136648,Anura,Microhylidae,0,0,0,0,edentulous
Parapelophryne_scalpta,Parapelophryne,Parapelophryne scalptus, rom:reptiles and amphibians:44356,Anura,Bufonidae,0,0,0,0,edentulous
Paratelmatobius_lutzii,Paratelmatobius,Paratelmatobius_lutzii,usnm:amphibians & reptiles:525811,Anura,Leptodactylidae,0,1,1,1,toothed_pmv
Parhoplophryne_usambarica,Parhoplophryne,Parhoplophryne_usambarica,mcz:herp:a-A-13818,Anura,Microhylidae,0,0,0,0,edentulous
Pedostibes_hosii,Rentapia,Rentapia_hosii,fmnh:amphibiansandreptiles:231193,Anura,Bufonidae,0,0,0,0,edentulous
Pedostibes_tuberculosus,Pedostibes,Pedostibes_tuberculosus,fmnh:amphibiansandreptiles:218144,Anura,Bufonidae,0,0,0,0,edentulous
Pelobates_fuscus,Pelobates,Pelobates_fuscus,uf:herp:36935,Anura,Pelobatidae,0,1,1,1,toothed_pmv
Pelodytes_caucasicus,Pelodytes,Pelodytes_caucasicus,cas:herp:94059,Anura,Pelodytidae,0,1,1,1,toothed_pmv
Pelophryne_lighti,Pelophryne,Pelophryne_lighti,ku:kuh:310635,Anura,Bufonidae,0,0,0,0,edentulous
Pelophylax_ridibundus,Pelophylax,Pelophylax_ridibundus,cas:herp:217695,Anura,Ranidae,0,1,1,1,toothed_pmv
Peltophryne_guentheri,Peltophryne,Peltophryne_guentheri,uf:herp:104862,Anura,Bufonidae,0,0,0,0,edentulous
Petropedetes_palmipes,Petropedetes,Petropedetes_palmipes,cas:herp:153715,Anura,Petropedetidae,0,1,1,1,toothed_pmv
Phasmahyla_guttata,Phasmahyla,Phasmahyla_guttata,ku:kuh:92270,Anura,Phyllomedusidae,0,1,1,0,toothed_pm
Philautus_jerdonii,Nasutixalus,Nasutixalus_medogensis,KIZ:014092,Anura,Rhacophoridae,0,1,1,1,toothed_pmv
Philautus_surdus,Philatus,Philautus_surdus,ku:kuh:321696,Anura,Rhacophoridae,0,1,1,1,toothed_pmv
Philoria_frosti,Philoria,Philoria_frosti,fmnh:amphibiansandreptiles:97942,Anura,Myobatrachidae,0,1,1,1,toothed_pmv
Phlyctimantis_leonardi,Phlyctimantis,Phlyctimantis_leonardi,cas:herp:258273,Anura,Hyperoliidae,0,1,1,1,toothed_pmv
Phrynella_pulchra,Phrynella,Phrynella_pulchra,mvz:amphibianandreptilespecimens:mvz:herp:271671,Anura,Microhylidae,0,0,0,0,edentulous
Phrynobatrachus_krefftii,Phrynobatrachus,Phrynobatrachus_krefftii,cas:herp:168486,Anura,Phrynobatrachidae,0,1,1,0,toothed_pm
Phrynoidis_aspera,Phrynoidis,Phrynoidis_aspera,usnm:amphibians & reptiles:586870,Anura,Bufonidae,0,0,0,0,edentulous
Phrynomantis_annectens,Phrynomantis,Phrynomantis annectens,AMB:10086,Anura,Microhylidae,0,0,0,0,edentulous
Phrynomedusa_fimbriata,Phrynomedusa,Phrynomedusa_fimbriata,ku:kuh:92273,Anura,Phyllomedusidae,0,1,1,0,toothed_pm
Phrynopus_thompsoni,Phrynopus,Phrynopus_thompsoni,uf:herp:104034,Anura,Craugastoridae,0,1,1,0,toothed_pm
Phyllobates_bicolor,Phyllobates,Phyllobates_bicolor,uf:herp:71742,Anura,Dendrobatidae,0,1,1,0,toothed_pm
Phyllodytes_luteolus,Phyllodytes,Phyllodytes_luteolus,ku:kuh:74250,Anura,Hylidae,0,1,1,1,toothed_pmv
Phyllomedusa_azurea,Pithecopus,Pithecopus_azurea,mcz:herp:a-A-29952,Anura,Phyllomedusidae,0,1,1,0,toothed_pm
Phyllomedusa_bicolor,Phyllomedusa,Phyllomedusa_bicolor,cas:herp:259760,Anura,Phyllomedusidae,0,1,1,1,toothed_pmv
Phyllomedusa_perinesos,Callimedusa,Callimedusa_perinesos,mcz:herp:a-A-97778,Anura,Phyllomedusidae,0,1,1,1,toothed_pmv
Physalaemus_gracilis,Physalaemus,Physalaemus_gracilis,ypm:vz:ypm hera 009630,Anura,Leptodactylidae,0,1,1,0,toothed_pm
Phyzelaphryne_miriamae,Phyzelaphryne,Phyzelaphryne_miriamae,usnm:amphibians & reptiles:239363,Anura,Eleutherodactylidae,0,1,1,1,toothed_pmv
Pipa_carvalhoi,Pipa,Pipa_carvalhoi,mcz:herp:a-25737,Anura,Pipidae,0,1,1,0,toothed_pm
Pipa_parva,Pipa,Pipa_parva,uf:herp:37924,Anura,Pipidae,0,0,0,0,edentulous
Platymantis_polillensis,Platymantis,Platymantis_polillensis,ku:kuh:313722,Anura,Ceratobatrachidae,0,1,1,1,toothed_pmv
Platyplectrum_spenceri,Platyplectrum,Platyplectrum_spenceri,mcz:herp:a-A-22384,Anura,Myobatrachidae,0,1,1,1,toothed_pmv
Plectrohyla_guatemalensis,Plectrohyla,Plectrohyla_guatemalensis,uf:herp:142375,Anura,Hylidae,0,1,1,1,toothed_pmv
Pleurodema_nebulosum,Pleurodema,Pleurodema_nebulosum,cas:sua:15635,Anura,Leptodactylidae,0,1,1,0,toothed_pm
Polypedates_macrotis,Polypedates,Polypedates_macrotis,ku:kuh:327008,Anura,Rhacophoridae,0,1,1,1,toothed_pmv
Poyntonia_paludicola,Poyntonia,Poyntonia_paludicola,cas:herp:165936,Anura,Pyxicephalidae,0,1,1,0,toothed_pm
Poyntonophrynus_grandisonae,Poyntonophrynus,Poyntonophrynus_grandisonae,AMB10340,Anura,Bufonidae,0,0,0,0,edentulous
Pristimantis_pluvicanorus,Yunganastes,Yunganastes pluvicanorus,amnh:herpetology:a-165193,Anura,Strabomantidae,0,1,1,1,toothed_pmv
Pristimantis_prolixodiscus,Tachiramantis,Tachiramantis_prolixodiscus,ku:kuh:132728,Anura,Craugastoridae,0,1,1,1,toothed_pmv
Pristimantis_vinhai,Pristimantis,Pristimantis_vinhai,usnm:amphibians & reptiles:284544,Anura,Craugastoridae,0,1,1,0,toothed_pm
Probreviceps_macrodactylus,Probreviceps,Probreviceps_macrodactylus,uf:herp:111075,Anura,Brevicipitidae,0,0,0,0,edentulous
Proceratophrys_boiei,Proceratophrys,Proceratophrys_boiei,cm:herps:45986,Anura,Odontophrynidae,0,1,1,1,toothed_pmv
Pseudacris_ornata,Pseudacris,Pseudacris_ornata,uf:herp:159-19,Anura,Hylidae,0,1,1,1,toothed_pmv
Pseudhymenochirus_merlini,Pseudhymenochirus,Pseudhymenochirus_merlini,cas:herp:257120,Anura,Pipidae,0,0,0,0,edentulous
Pseudis_paradoxa,Pseudis,Pseudis_paradoxa,uf:herp:71527,Anura,Hylidae,0,1,1,1,toothed_pmv
Pseudobufo_subasper,Pseudobufo,Pseudobufo_subasper,ku:kuh:335697,Anura,Bufonidae,0,0,0,0,edentulous
Pseudopaludicola_falcipes,Pseudopaludicola,Pseudopaludicola_falcipes,ypm:vz:ypm hera 009648,Anura,Leptodactylidae,0,1,1,0,toothed_pm
Pseudophilautus_microtympanum,Pseudophilautus,Pseudophilautus_microtympanum,uf:herp:100578,Anura,Rhacophoridae,0,1,1,1,toothed_pmv
Pseudophryne_bibronii,Pseudophryne,Pseudophryne bibronii,uf:herp:100826,Anura,Myobatrachidae,0,0,0,0,edentulous
Psychrophrynella_bagrecito,Psychrophrynella,Psychrophrynella bagrecito, amnh:herpetology:a-159115,Anura,Strabomantidae,0,1,1,0,toothed_pm
Psychrophrynella_wettsteini,Microkayla,Microkayla_wettsteini,ku:kuh:183051,Anura,Strabomantidae,0,1,1,0,toothed_pm
Pterorana_khare,Pterorana,Pterorana_khare,cas:herp:235143,Anura,Ranidae,0,1,1,1,toothed_pmv
Ptychadena_upembae,Ptychadena,Ptychadena_sp,cas:herp:256862,Anura,Ptychadenidae,0,1,1,1,toothed_pmv
Ptychohyla_sanctaecrucis,Quilticohyla,Quilticohyla_sanctaecrucis, ku:kuh:217288,Anura,Hylidae,0,1,1,0,toothed_pm
Ptychohyla_spinipollex,Ptychohyla,Ptychohyla_spinipollex,ku:kuh:204216,Anura,Hylidae,0,1,1,1,toothed_pmv
Pyxicephalus_adspersus,Pyxicephalus,Pyxicephalus_adspersus,uf:herp:92093,Anura,Pyxicephalidae,0,1,1,1,toothed_pmv
Quasipaa_boulengeri,Quasipaa,Quasipaa_boulengeri,usnm:amphibians & reptiles:107546,Anura,Dicroglossidae,0,1,1,1,toothed_pmv
Ramanella_montana,Uperodon,Uperodon_montanus,uf:herp:20016,Anura,Microhylidae,0,0,0,0,edentulous
Rana_capito,Rana,Rana_capito,uf:herp:159097,Anura,Ranidae,0,1,1,1,toothed_pmv
Rana_clamitans,Lithobates,Rana_clamitans,uf:herp:76511,Anura,Ranidae,0,1,1,1,toothed_pmv
Ranitomeya_reticulata,Ranitomeya,Ranitomeya_reticulata,mcz:herp:a-89069,Anura,Dendrobatidae,0,0,0,0,edentulous
Raorchestes_bombayensis,Raorchestes,Raorchestes_flaviocularas,CES:F:1253,Anura,Rhacophoridae,0,1,1,0,toothed_pm
Rhacophorus_bimaculatus,Leptomantis,Leptomantis_bimaculatus,ku:kuh:313790,Anura,Rhacophoridae,0,1,1,0,toothed_pm
Rhaebo_blombergi,Rhaebo,Rhaebo_blombergi,uf:herp:104602,Anura,Bufonidae,0,0,0,0,edentulous
Rheobates_palmatus,Rheobates,Rheobates_palmatus,usnm:amphibians & reptiles:137777,Anura,Aromobatidae,0,1,1,0,toothed_pm
Rheobatrachus_silus,Rheobatrachus,Rheobatrachus_silus,cas:herp:153753,Anura,Myobatrachidae,0,1,1,0,toothed_pm
Rhinella_marina,Rhinella,Rhinella_marina,uf:herp:172560,Anura,Bufonidae,0,0,0,0,edentulous
Rhinoderma_darwinii,Rhinoderma,Rhinoderma_darwinii,uf:herp:62022,Anura,Rhinodermatidae,0,0,0,0,edentulous
Rhinophrynus_dorsalis,Rhinophrynus,Rhinophrynus_dorsalis,cas:herp:71766,Anura,Rhinophrynidae,0,0,0,0,edentulous
Rhombophryne_alluaudi,Plethodontohyla,Plethodontohyla_alluaudi,mcz:herp:a-A120467,Anura,Microhylidae,0,1,1,1,toothed_pmv
Rulyrana_spiculata,Rulyrana,Rulyrana_spiculata,usnm:amphibians & reptiles:342777,Anura,Centrolenidae,0,1,1,1,toothed_pmv
Sabahphrynus_maculatus,Sabahphrynus,Sabahphrynus maculata,mvz:amphibian and reptile specimens:mvz:herp:234680,Anura,Bufonidae,0,0,0,0,edentulous
Sachatamia_ilex,Sachatamia,Sachatamia_ilex,ku:kuh:221613,Anura,Centrolenidae,0,1,1,1,toothed_pmv
Sanguirana_everetti,Sanguirana,Sanguirana_cf._everetti,ku:kuh:306863,Anura,Ranidae,0,1,1,0,toothed_pm
Scaphiophryne_calcarata,Scaphiophryne,Scaphiophryne_calcarata,mcz:herp:a-120691,Anura,Microhylidae,0,0,0,0,edentulous
Scaphiopus_holbrookii,Scaphiopus,Scaphiopus_holbrookii,uf:herp:9620,Anura,Scaphiopodidae,0,1,1,1,toothed_pmv
Scarthyla_goinorum,Scarthyla,Scarthyla_ostinodactyla,usnm:amphibians & reptiles:281671,Anura,Hylidae,0,1,1,1,toothed_pmv
Schismaderma_carens,Schismaderma,Schismaderma_carens,cas:herp:196558,Anura,Bufonidae,0,0,0,0,edentulous
Scinax_staufferi,Scinax,Scinax_staufferi,uf:herp:137479,Anura,Hylidae,0,1,1,1,toothed_pmv
Scotobleps_gabonicus,Scotobleps,Scotobleps_gabonicus,cas:herp:256863,Anura,Arthroleptidae,0,1,1,1,toothed_pmv
Scutiger_boulengeri,Scutiger,Scutiger_boulengeri,cas:herp:196766,Anura,Megophryidae,0,1,1,0,toothed_pm
Scythrophrys_sawayae,Scythrophrys,Scythrophrys_sawayae,usnm:amphibians & reptiles:137662,Anura,Leptodactylidae,0,1,1,1,toothed_pmv
Sechellophryne_gardineri,Sechellophryne,Sechellophryne_gardineri,cas:herp:156991,Anura,Sooglossidae,0,1,1,0,toothed_pm
Semnodactylus_wealii,Semnodactylus,Semnodactylus_wealii,cas:herp:127787,Anura,Hyperoliidae,0,1,1,0,toothed_pm
Silverstoneia_nubicola,Silverstoneia,Silverstoneia_nubicola,ku:kuh:76833,Anura,Dendrobatidae,0,1,1,0,toothed_pm
Smilisca_fodiens,Smilisca,Smilisca_fodiens,ku:kuh:062348,Anura,Hylidae,0,1,1,1,toothed_pmv
Sooglossus_sechellensis,Sooglossus,Sooglossus_sechellensis,cas:herp:160084,Anura,Sooglossidae,0,1,1,0,toothed_pm
Spea_multiplicata,Spea,Spea_multiplicata,uf:herp:100788,Anura,Scaphiopodidae,0,1,1,1,toothed_pmv
Spelaeophryne_methneri,Spelaeophryne,Spelaeophryne_methneri,cas:herp:11521,Anura,Brevicipitidae,0,0,0,0,edentulous
Sphaenorhynchus_lacteus,Sphaenorhynchus,Sphaenorhynchus_lacteus,cas:herp:245061,Anura,Hylidae,0,1,1,1,toothed_pmv
Sphaerotheca_breviceps,Sphaerotheca,Sphaerotheca_breviceps,uf:herp:20069,Anura,Dicroglossidae,0,1,1,1,toothed_pmv
Sphenophryne_cornuta,Sphenophryne,Sphenophryne_cornuta,amnh:herpetology:a-83048,Anura,Microhylidae,0,0,0,0,edentulous
Spicospina_flammocaerulea,Spicospina,Spicospina flammocaerulea,WAM 112150,Anura,Myobatrachidae,0,0,0,0,edentulous
Spinomantis_aglavei,Spinomantis,Spinomantis_aglavei,cas:herp:250569,Anura,Mantellidae,0,1,1,1,toothed_pmv
Staurois_natator,Staurois,Staurois_natator,cas:herp:145994,Anura,Ranidae,0,1,1,0,toothed_pm
Stefania_scalae,Stefania,Stefania_scalae,ku:kuh:167241,Anura,Hemiphractidae,0,1,1,1,toothed_pmv
Stereocyclops_incrassatus,Stereocyclops,Stereocyclops_incrassatus,amnh:herpetology:a-73552,Anura,Microhylidae,0,0,0,0,edentulous
Strabomantis_anomalus,Strabomantis,Strabomantis_anomalus,cas:herp:119754,Anura,Strabomantidae,0,1,1,1,toothed_pmv
Strauchbufo_raddei,Strauchbufo,Strauchbufo_raddei,usnm:amphibians & reptiles:68677,Anura,Bufonidae,0,0,0,0,edentulous
Strongylopus_grayii,Strongylopus,Strongylopus_grayii,cas:herp:211614,Anura,Pyxicephalidae,0,1,1,1,toothed_pmv
Stumpffia_pygmaea,Stumpffia,Stumpffia_pygmaea,UF:Herp:15363,Anura,Microhylidae,0,0,0,0,edentulous
Synapturanus_mirandaribeiroi,Synapturanus,Synapturanus_mirandaribeiroi,amnh:herpetology:a-90935,Anura,Microhylidae,0,0,0,0,edentulous
Tachycnemis_seychellensis,Tachycnemis,Tachycnemis_seychellensis,fmnh:amphibians and reptiles:213700,Anura,Hyperoliidae,0,1,1,0,toothed_pm
Taruga_eques,Taruga,Taruga_eques,uf:herp:168200,Anura,Rhacophoridae,0,1,1,0,toothed_pm
Taudactylus_diurnus,Taudactylus,Taudactylus_diurnus,mcz:herp:a-100671,Anura,Myobatrachidae,0,0,0,0,edentulous
Telmatobius_carrillae,Telmatobius,Telmatobius_carrillae,uf:herp:39717,Anura,Telmatobiidae,0,0,0,0,edentulous
Telmatobius_thompsoni,Telmatobius,Telmatobius_thompsoni,uf:herp:39734,Anura,Telmatobiidae,0,1,1,1,toothed_pmv
Telmatobufo_venustus,Telmatobufo,Telmatobufo_venustus,ku:kuh:161438,Anura,Calyptocephalellidae,0,1,1,1,toothed_pmv
Tepuihyla_rodriguezi,Tepuihyla,Tepuihyla_rodriguezi,ku:kuh:167004,Anura,Hylidae,0,1,1,1,toothed_pmv
Teratohyla_spinosa,Teratohyla,Teratohyla_spinosa,ku:kuh:123221,Anura,Centrolenidae,0,1,1,1,toothed_pmv
Theloderma_stellatum,Theloderma,Theloderma_stellatum,ncsm:ncsm-herp:80384,Anura,Rhacophoridae,0,1,1,0,toothed_pm
Thoropa_miliaris,Thoropa,Thoropa_miliaris,cm:herps:68357,Anura,Cycloramphidae,0,1,1,1,toothed_pmv
Tlalocohyla_smithii,Tlalocohyla,Tlalocohyla_smithii,ummz:herps:104779,Anura,Hylidae,0,1,1,1,toothed_pmv
Tomopterna_delalandii,Tomopterna,Tomopterna_delalandii,cas:herp:157511,Anura,Pyxicephalidae,0,1,1,1,toothed_pmv
Trachycephalus_jordani,Trachycephalus,Trachycephalus_jordani,uf:herp:98302,Anura,Hylidae,0,1,1,1,toothed_pmv
Trichobatrachus_robustus,Trichobatrachus,Trichobatrachus_robustus,cas:herp:254134,Anura,Arthroleptidae,0,1,1,1,toothed_pmv
Triprion_petasatus,Triprion,Triprion_petasatus,uf:herp:98441,Anura,Hylidae,0,1,1,1,toothed_pmv
Truebella_tothastes,Truebella,Truebella_tothastes,ku:kuh:196599,Anura,Bufonidae,0,0,0,0,edentulous
Uperoleia_rugosa,Uperoleia,Uperoleia_rugosa,cas:herp:82641,Anura,Myobatrachidae,0,0,0,0,edentulous
Vandijkophrynus_gariepensis,Vandijkophrynus,Vandijkophrynus_gariepensis,mcz:herp:a-106508,Anura,Bufonidae,0,0,0,0,edentulous
Vitreorana_antisthenesi,Vitreorana,Vitreorana_antisthenesi,ku:kuh:167350,Anura,Centrolenidae,0,1,1,0,toothed_pm
Wakea_madinika,Wakea,Wakea_madinika,ZSM:601/2001,Anura,Mantellidae,0,0,0,0,edentulous
Werneria_preussi,Werneria,Werneria_preussi,cas:herp:162678,Anura,Bufonidae,0,0,0,0,edentulous
Wolterstorffina_mirei,Wolterstorffina,Wolterstorffina_mirei,mcz:herp:a-137999,Anura,Bufonidae,0,0,0,0,edentulous
Xenohyla_truncata,Xenohyla,Xenohyla_truncata,ku:kuh:92190,Anura,Hylidae,0,1,1,1,toothed_pmv
Xenophrys_major,Megophrys,Megophrys_major,cas:herp:245473,Anura,Megophryidae,0,1,1,1,toothed_pmv
Xenopus_clivii,Xenopus,Xenopus_clivii,uf:herp:92074,Anura,Pipidae,0,1,1,0,toothed_pm
Xenorhina_mehelyi,Xenorhina,Xenorhina_mehelyi,amnh:herpetology:a-82291,Anura,Microhylidae ,0,0,0,0,edentulous
Zachaenus_parvulus,Zachaenus,Zachaenus_parvulus,cas:sua:11907,Anura,Cycloramphidae,0,1,1,1,toothed_pmv