﻿Species,Genus,Dentition,Family,Diet_species,Diet_genus,Diet_combined,dentition.diet,
Acris_crepitans,Acris,present,Hylidae,generalist,,generalist,toothed.generalist,
Adelophryne_gutturosa,Adelophryne,present,Eleutherodactylidae,microphagous,,microphagous,toothed.microphagous,
Adelotus_brevis,Adelotus,present,Myobatrachidae,generalist,,generalist,toothed.generalist,
Adelphobates_quinquevittatus,Adelphobates,absent,Dendrobatidae,microphagous,,microphagous,edentulous.microphagous,
Adenomera_andreae,Adenomera,present,Leptodactylidae,generalist,,generalist,toothed.generalist,
Afrixalus_orophilus,Afrixalus,present,Hyperoliidae,,generalist,generalist,toothed.generalist,
Aglyptodactylus_madagascariensis,Aglyptodactylus,present,Mantellidae,generalist,,generalist,toothed.generalist,
Allobates_femoralis,Allobates,present,Dendrobatidae,generalist,,generalist,toothed.generalist,
Allophryne_ruthveni,Allophryne,absent,Allophrynidae,microphagous,,microphagous,edentulous.microphagous,
Alsodes_nodosus,Alsodes,present,Alsodidae,,generalist,generalist,toothed.generalist,
Amazophrynella_bokermanni,Amazophrynella,absent,Bufonidae,,microphagous,microphagous,edentulous.microphagous,
Ameerega_trivittata,Ameerega,absent,Dendrobatidae,microphagous,microphagous,microphagous,edentulous.microphagous,
Amietia_amieti,Amietia,present,Pyxicephalidae,,generalist,generalist,toothed.generalist,
Amietophrynus_mauritanicus,Amietophrynus,absent,Bufonidae,,generalist,generalist,edentulous.generalist,
Hylarana_albolabris,Amnirana,present,Ranidae,,generalist,generalist,toothed.generalist,
Amolops_compotrix,Amolops,present,Ranidae,,generalist,generalist,toothed.generalist,
Anaxyrus_fowleri,Anaxyrus,absent,Bufonidae,generalist,,generalist,edentulous.generalist,
Andinobates_minutus,Andinobates,absent,Dendrobatidae,microphagous,,microphagous,edentulous.microphagous,
Anhydrophryne_rattrayi,Anhydrophryne,present,Pyxicephalidae,generalist,,generalist,toothed.generalist,
Anomaloglossus_beebei,Anomaloglossus,present,Aromobatidae,,generalist,generalist,toothed.generalist,
Ansonia_mcgregori,Ansonia,absent,Bufonidae,,microphagous,microphagous,edentulous.microphagous,
Aparasphenodon_brunoi,Aparasphenodon,present,Hylidae,generalist,,generalist,toothed.generalist,
Aplastodiscus_perviridis,Aplastodiscus,present,Hylidae,generalist,,generalist,toothed.generalist,
Arenophryne_rotunda,Arenophryne,absent,Myobatrachidae,microphagous,,microphagous,edentulous.microphagous,
Aromobates_mayorgai,Aromobates,present,Aromobatidae,,generalist,generalist,toothed.generalist,
Arthroleptides_martiensseni,Arthroleptides,present,Petropedetidae,generalist,,generalist,toothed.generalist,
Arthroleptis_bivittatus,Arthroleptis,present,Arthroleptidae,,microphagous,microphagous,toothed.microphagous,
Arthroleptis_schubotzi,Arthroleptis,absent,Arthroleptidae,microphagous,,microphagous,edentulous.microphagous,
Ascaphus_montanus,Ascaphus,present,Ascaphidae,generalist,,generalist,toothed.generalist,
Assa_darlingtoni,Assa,present,Myobatrachidae,generalist,,generalist,toothed.generalist,
Asterophrys_turpicola,Asterophrys,absent,Microhylidae,generalist,,generalist,edentulous.generalist,
Astylosternus_diadematus,Astylosternus,present,Arthroleptidae,,generalist,generalist,toothed.generalist,
Atelognathus_patagonicus,Atelognathus,present,Batrachylidae,generalist,,generalist,toothed.generalist,
Atelopus_ignescens,Atelopus,absent,Bufonidae,,microphagous,microphagous,edentulous.microphagous,
Aubria_masako,Aubria,present,Pyxicephalidae,,generalist,generalist,toothed.generalist,
Babina_subaspera,Babina,present,Ranidae,,generalist,generalist,toothed.generalist,
Barbarophryne_brongersmai,Barbarophryne,absent,Bufonidae,,generalist,generalist,edentulous.generalist,
Barbourula_busuangensis,Barbourula,present,Bombinatoridae,generalist,,generalist,toothed.generalist,
Barycholos_pulcher,Barycholos,present,Strabomantidae,,microphagous,microphagous,toothed.microphagous,
Batrachyla_taeniata,Batrachyla,present,Batrachylidae,generalist,,generalist,toothed.generalist,
Hypsiboas_heilprini,Boana,present,Hylidae,,generalist,generalist,toothed.generalist,
Bokermannohyla_circumdata,Bokermannohyla,present,Hylidae,,generalist,generalist,toothed.generalist,
Bombina_maxima,Bombina,present,Bombinatoridae,generalist,generalist,generalist,toothed.generalist,
Boophis_boehmei,Boophis,present,Mantellidae,,generalist,generalist,toothed.generalist,
Brachycephalus_ephippium,Brachycephalus,absent,Brachycephalidae,microphagous,microphagous,microphagous,edentulous.microphagous,
Brachytarsophrys_carinense,Brachytarsophrys,present,Megophryidae,generalist,,generalist,toothed.generalist,
Breviceps_gibbosus,Breviceps,absent,Brevicipitidae,,microphagous,microphagous,edentulous.microphagous,
Buergeria_japonica,Buergeria,present,Rhacophoridae,,generalist,generalist,toothed.generalist,
Bufo_gargarizans,Bufo,absent,Bufonidae,generalist,,generalist,edentulous.generalist,
Bufotes_latastii,Bufotes,absent,Bufonidae,,generalist,generalist,edentulous.generalist,
Cacosternum_boettgeri,Cacosternum,present,Pyxicephalidae,microphagous,,microphagous,toothed.microphagous,
Cacosternum_namaquense,Cacosternum,absent,Pyxicephalidae,,microphagous,microphagous,edentulous.microphagous,
Phyllomedusa_perinesos,Callimedusa,present,Phyllomedusidae,,generalist,generalist,toothed.generalist,
Callulina_kisiwamsitu,Callulina,absent,Brevicipitidae,,generalist,generalist,edentulous.generalist,
Calyptocephalella_gayi,Calyptocephalella,present,Calyptocephalellidae,generalist,,generalist,toothed.generalist,
Cardioglossa_cyaneospila,Cardioglossa,absent,Arthroleptidae,,microphagous,microphagous,edentulous.microphagous,
Centrolene_buckleyi,Centrolene,present,Centrolenidae,,generalist,generalist,toothed.generalist,
Ceratophrys_aurita,Ceratophrys,present,Ceratophryidae,generalist,,generalist,toothed.generalist,
Chacophrys_pierottii,Chacophrys,present,Ceratophryidae,generalist,,generalist,toothed.generalist,
Hylarana_chalconota,Chalcorana,present,Ranidae,,generalist,generalist,toothed.generalist,
Chaperina_fusca,Chaperina,absent,Microhylidae,microphagous,,microphagous,edentulous.microphagous,
Charadrahyla_nephila,Charadrahyla,present,Hylidae,,generalist,generalist,toothed.generalist,
Chiasmocleis_crucis,Chiasmocleis,absent,Microhylidae,,microphagous,microphagous,edentulous.microphagous,
Chiromantis_rufescens,Chiromantis,present,Rhacophoridae,generalist,,generalist,toothed.generalist,
Colostethus_panamansis,Colostethus,present,Dendrobatidae,,generalist,generalist,toothed.generalist,
Conraua_goliath,Conraua,present,Conrauidae,generalist,,generalist,toothed.generalist,
Cophixalus_cryptotympanum,Cophixalus,absent,Microhylidae,,microphagous,microphagous,edentulous.microphagous,
Ceratobatrachus_guentheri,Cornufer,present,Ceratobatrachidae,generalist,,generalist,toothed.generalist,
Corythomantis_greeningi,Corythomantis,present,Hylidae,generalist,,generalist,toothed.generalist,
Craugastor_laticeps,Craugastor,present,Craugastoridae,,generalist,generalist,toothed.generalist,
Crinia_insignifera,Crinia,present,Myobatrachidae,,microphagous,microphagous,toothed.microphagous,
Crossodactylus_gaudichaudii,Crossodactylus,present,Hylodidae,generalist,,generalist,toothed.generalist,
Ctenophryne_geayi,Ctenophryne,absent,Microhylidae,microphagous,microphagous,microphagous,edentulous.microphagous,
Cycloramphus_asper,Cycloramphus,present,Cycloramphidae,,generalist,generalist,toothed.generalist,
Dendrobates_tinctorius,Dendrobates,absent,Dendrobatidae,microphagous,microphagous,microphagous,edentulous.microphagous,
Dendrophryniscus_brevipollicatus,Dendrophryniscus,absent,Bufonidae,,microphagous,microphagous,edentulous.microphagous,
Dendropsophus_leucophyllatus,Dendropsophus,present,Hylidae,generalist,,generalist,toothed.generalist,
Dermatonotus_muelleri,Dermatonotus,absent,Microhylidae,microphagous,,microphagous,edentulous.microphagous,
Diasporus_diastema,Diasporus,present,Eleutherodactylidae,,generalist,generalist,toothed.generalist,
Discoglossus_pictus,Discoglossus,present,Alytidae,generalist,,generalist,toothed.generalist,
Hyla_cinerea,Dryophytes,present,Hylidae,generalist,,generalist,toothed.generalist,
Duttaphrynus_dodsoni,Duttaphrynus,absent,Bufonidae,,generalist,generalist,edentulous.generalist,
Dyscophus_antongilii,Dyscophus,present,Microhylidae,,generalist,generalist,toothed.generalist,
Edalorhina_perezi,Edalorhina,present,Leptodactylidae,generalist,,generalist,toothed.generalist,
Elachistocleis_bicolor,Elachistocleis,absent,Microhylidae,microphagous,microphagous,microphagous,edentulous.microphagous,
Eleutherodactylus_orientalis,Eleutherodactylus,present,Eleutherodactylidae,microphagous,,microphagous,toothed.microphagous,
Engystomops_pustulatus,Engystomops,present,Leptodactylidae,generalist,,generalist,toothed.generalist,
Engystomops_pustulosus,Engystomops,absent,Leptodactylidae,microphagous,,microphagous,edentulous.microphagous,
Epidalea_calamita,Epidalea,absent,Bufonidae,,generalist,generalist,edentulous.generalist,
Epipedobates_tricolor,Epipedobates,present,Dendrobatidae,generalist,,generalist,toothed.generalist,
Espadarana_prosoblepon,Espadarana,present,Centrolenidae,generalist,,generalist,toothed.generalist,
Euphlyctis_cyanophlyctis,Euphlyctis,present,Dicroglossidae,generalist,,generalist,toothed.generalist,
Eupsophus_roseus,Eupsophus,present,Alsodidae,,generalist,generalist,toothed.generalist,
Exerodonta_catracha,Exerodonta,present,Hylidae,,generalist,generalist,toothed.generalist,
Feihyla_palpebralis,Feihyla,present,Rhacophoridae,generalist,,generalist,toothed.generalist,
Fejervarya_limnocharis,Fejervarya,present,Dicroglossidae,generalist,,generalist,toothed.generalist,
Gastrophryne_carolinensis,Gastrophryne,absent,Microhylidae,microphagous,,microphagous,edentulous.microphagous,
Gastrotheca_cornuta,Gastrotheca,present,Hemiphractidae,,generalist,generalist,toothed.generalist,
Gastrotheca_guentheri,Gastrotheca,present,Hemiphractidae,generalist,,generalist,toothed.generalist,
Gephyromantis_malagasius,Gephyromantis,present,Mantellidae,,generalist,generalist,toothed.generalist,
Glandirana_minima,Glandirana,present,Ranidae,generalist,,generalist,toothed.generalist,
Glyphoglossus_molossus,Glyphoglossus,absent,Microhylidae,microphagous,,microphagous,edentulous.microphagous,
Guibemantis_depressiceps,Guibemantis,present,Mantellidae,,microphagous,microphagous,toothed.microphagous,
Haddadus_binotatus,Haddadus,present,Craugastoridae,generalist,,generalist,toothed.generalist,
Hamptophryne_boliviana,Hamptophryne,absent,Microhylidae,microphagous,,microphagous,edentulous.microphagous,
Heleioporus_eyrei,Heleioporus,present,Myobatrachidae,,generalist,generalist,toothed.generalist,
Heleophryne_purcelli,Heleophryne,present,Heleophrynidae,generalist,,generalist,toothed.generalist,
Hemiphractus_proboscideus,Hemiphractus,present,Hemiphractidae,generalist,,generalist,toothed.generalist,
Hemisus_guineensis,Hemisus,absent,Hemisotidae,microphagous,,microphagous,edentulous.microphagous,
Hildebrandtia_ornata,Hildebrandtia,present,Ptychadenidae,generalist,,generalist,toothed.generalist,
Hoplobatrachus_tigerinus,Hoplobatrachus,present,Dicroglossidae,generalist,,generalist,toothed.generalist,
Hoplophryne_rogersi,Hoplophryne,absent,Microhylidae,generalist,,generalist,edentulous.generalist,
Hylarana_humeralis,Humerana,present,Ranidae,generalist,,generalist,toothed.generalist,
Hyalinobatrachium_fleischmanni,Hyalinobatrachium,present,Centrolenidae,generalist,generalist,generalist,toothed.generalist,
Hydrolaetare_schmidti,Hydrolaetare,present,Leptodactylidae,generalist,,generalist,toothed.generalist,
Hyla_andersonii,Hyla,present,Hylidae,generalist,,generalist,toothed.generalist,
Hylarana_galamensis,Hylarana,present,Ranidae,,generalist,generalist,toothed.generalist,
Hylodes_asper,Hylodes,present,Hylodidae,generalist,,generalist,toothed.generalist,
Hylorina_sylvatica,Hylorina,present,Batrachylidae,generalist,,generalist,toothed.generalist,
Hyloxalus_fuliginosus,Hyloxalus,present,Dendrobatidae,,generalist,generalist,toothed.generalist,
Hymenochirus_boettgeri,Hymenochirus,absent,Pipidae,,generalist,generalist,edentulous.generalist,
Hyperolius_angolensis,Hyperolius,present,Hyperoliidae,,generalist,generalist,toothed.generalist,
Hypopachus_barberi,Hypopachus,absent,Microhylidae,microphagous,,microphagous,edentulous.microphagous,
Hypsiboas_boans,Hypsiboas,present,Hylidae,generalist,,generalist,toothed.generalist,
Incilius_epioticus,Incilius,absent,Bufonidae,,generalist,generalist,edentulous.generalist,
Hylarana_milleti,Indosylvirana,present,Ranidae,generalist,,generalist,toothed.generalist,
Ischnocnema_gualteri,Ischnocnema,present,Brachycephalidae,,generalist,generalist,toothed.generalist,
Itapotihyla_langsdorffii,Itapotihyla,present,Hylidae,generalist,,generalist,toothed.generalist,
Kalophrynus_pleurostigma,Kalophrynus,absent,Microhylidae,microphagous,,microphagous,edentulous.microphagous,
Kaloula_kalingensis,Kaloula,absent,Microhylidae,microphagous,,microphagous,edentulous.microphagous,
Kassina_senegalensis,Kassina,present,Hyperoliidae,generalist,,generalist,toothed.generalist,
Kurixalus_odontotarsus,Kurixalus,present,Rhacophoridae,,generalist,generalist,toothed.generalist,
Laliostoma_labrosum,Laliostoma,present,Mantellidae,generalist,,generalist,toothed.generalist,
Lankanectes_corrugatus,Lankanectes,present,Nyctibatrachidae,generalist,,generalist,toothed.generalist,
Leiopelma_hamiltoni,Leiopelma,present,Leiopelmatidae,,generalist,generalist,toothed.generalist,
Lepidobatrachus_asper,Lepidobatrachus,present,Ceratophryidae,generalist,,generalist,toothed.generalist,
Leptobrachella_mjobergi,Leptobrachella,present,Megophryidae,generalist,,generalist,toothed.generalist,
Leptobrachium_hasseltii,Leptobrachium,present,Megophryidae,,generalist,generalist,toothed.generalist,
Leptodactylodon_ovatus,Leptodactylodon,present,Arthroleptidae,,generalist,generalist,toothed.generalist,
Leptodactylus_pentadactylus,Leptodactylus,present,Leptodactylidae,generalist,,generalist,toothed.generalist,
Leptolalax_pelodytoides,Leptolalax,present,Megophryidae,,generalist,generalist,toothed.generalist,
Leptopelis_notatus,Leptopelis,present,Arthroleptidae,,generalist,generalist,toothed.generalist,
Colostethus_fugax,Leucostethus,present,Dendrobatidae,,generalist,generalist,toothed.generalist,
Limnomedusa_macroglossa,Limnomedusa,present,Alsodidae,generalist,,generalist,toothed.generalist,
Limnonectes_kuhlii,Limnonectes,present,Dicroglossidae,generalist,,generalist,toothed.generalist,
Rana_clamitans,Lithobates,present,Ranidae,generalist,,generalist,toothed.generalist,
Lithodytes_lineatus,Lithodytes,present,Leptodactylidae,generalist,,generalist,toothed.generalist,
Litoria_multicolor,Litoria,present,Pelodryadidae,,generalist,generalist,toothed.generalist,
Lysapsus_laevis,Lysapsus,present,Hylidae,generalist,,generalist,toothed.generalist,
Mannophryne_trinitatis,Mannophryne,present,Dendrobatidae,generalist,,generalist,toothed.generalist,
Mantella_baroni,Mantella,absent,Mantellidae,microphagous,,microphagous,edentulous.microphagous,
Megaelosia_goeldii,Megaelosia,present,Hylodidae,generalist,,generalist,toothed.generalist,
Xenophrys_major,Megophrys,present,Megophryidae,generalist,,generalist,toothed.generalist,
Melanophryniscus_stelzneri,Melanophryniscus,absent,Bufonidae,microphagous,,microphagous,edentulous.microphagous,
Meristogenys_jerboa,Meristogenys,present,Ranidae,,generalist,generalist,toothed.generalist,
Mertensophryne_micranotis,Mertensophryne,absent,Bufonidae,,microphagous,microphagous,edentulous.microphagous,
Microhyla_achatina,Microhyla,absent,Microhylidae,,microphagous,microphagous,edentulous.microphagous,
Micryletta_inornata,Micryletta,absent,Microhylidae,,microphagous,microphagous,edentulous.microphagous,
Mixophyes_fasciolatus,Mixophyes,present,Myobatrachidae,generalist,,generalist,toothed.generalist,
Myersiella_microps,Myersiella,absent,Microhylidae,microphagous,,microphagous,edentulous.microphagous,
Myobatrachus_gouldii,Myobatrachus,absent,Myobatrachidae,microphagous,,microphagous,edentulous.microphagous,
Nanorana_pleskei,Nanorana,present,Dicroglossidae,,generalist,generalist,toothed.generalist,
Nasikabatrachus_sahyadrensis,Nasikabatrachus,absent,Nasikabatrachidae,microphagous,,microphagous,edentulous.microphagous,
Nectophryne_afra,Nectophryne,absent,Bufonidae,microphagous,,microphagous,edentulous.microphagous,
Nectophrynoides_viviparus,Nectophrynoides,absent,Bufonidae,generalist,,generalist,edentulous.generalist,
Babina_adenopleura,Nidirana,present,Ranidae,,generalist,generalist,toothed.generalist,
Notaden_bennettii,Notaden,absent,Myobatrachidae,,microphagous,microphagous,edentulous.microphagous,
Nyctibates_corrugatus,Nyctibates,present,Arthroleptidae,,generalist,generalist,toothed.generalist,
Nyctibatrachus_aliciae,Nyctibatrachus,present,Nyctibatrachidae,,generalist,generalist,toothed.generalist,
Nyctimantis_rugiceps,Nyctimantis,present,Hylidae,generalist,,generalist,toothed.generalist,
Nyctimystes_daymani,Nyctimystes,present,Hylidae,generalist,,generalist,toothed.generalist,
Nyctixalus_spinosus,Nyctixalus,present,Rhacophoridae,microphagous,,microphagous,toothed.microphagous,
Occidozyga_laevis,Occidozyga,present,Dicroglossidae,generalist,,generalist,toothed.generalist,
Odontophrynus_americanus,Odontophrynus,present,Odontophrynidae,generalist,,generalist,toothed.generalist,
Odorrana_livida,Odorrana,present,Ranidae,,generalist,generalist,toothed.generalist,
Oophaga_pumilio,Oophaga,absent,Dendrobatidae,microphagous,,microphagous,edentulous.microphagous,
Oreobates_quixensis,Oreobates,present,Strabomantidae,generalist,generalist,generalist,toothed.generalist,
Oreolalax_pingii,Oreolalax,present,Megophryidae,,generalist,generalist,toothed.generalist,
Osornophryne_bufoniformis,Osornophryne,absent,Bufonidae,,generalist,generalist,edentulous.generalist,
Osteocephalus_taurinus,Osteocephalus,present,Hylidae,generalist,,generalist,toothed.generalist,
Osteopilus_septentrionalis,Osteopilus,present,Hylidae,generalist,,generalist,toothed.generalist,
Paedophryne_amauensis,Paedophryne,absent,Microhylidae,,microphagous,microphagous,edentulous.microphagous,
Hylarana_arfaki,Papurana,present,Ranidae,generalist,,generalist,toothed.generalist,
Paracassina_obscura,Paracassina,present,Hyperoliidae,generalist,,generalist,toothed.generalist,
Pedostibes_tuberculosus,Pedostibes,absent,Bufonidae,microphagous,,microphagous,edentulous.microphagous,
Pelobates_fuscus,Pelobates,present,Pelobatidae,generalist,,generalist,toothed.generalist,
Pelophylax_ridibundus,Pelophylax,present,Ranidae,,generalist,generalist,toothed.generalist,
Peltophryne_guentheri,Peltophryne,absent,Bufonidae,generalist,,generalist,edentulous.generalist,
Philoria_frosti,Philoria,present,Myobatrachidae,generalist,,generalist,toothed.generalist,
Phlyctimantis_leonardi,Phlyctimantis,present,Hyperoliidae,,generalist,generalist,toothed.generalist,
Phrynobatrachus_krefftii,Phrynobatrachus,present,Phrynobatrachidae,generalist,,generalist,toothed.generalist,
Phrynoidis_aspera,Phrynoidis,absent,Bufonidae,microphagous,,microphagous,edentulous.microphagous,
Phrynomantis_annectens,Phrynomantis,absent,Microhylidae,,microphagous,microphagous,edentulous.microphagous,
Phyllobates_bicolor,Phyllobates,present,Dendrobatidae,,microphagous,microphagous,toothed.microphagous,
Phyllodytes_luteolus,Phyllodytes,present,Hylidae,microphagous,,microphagous,toothed.microphagous,
Phyllomedusa_bicolor,Phyllomedusa,present,Phyllomedusidae,,generalist,generalist,toothed.generalist,
Eupemphix_nattereri,Physalaemus,absent,Leptodactylidae,microphagous,,microphagous,edentulous.microphagous,
Physalaemus_gracilis,Physalaemus,present,Leptodactylidae,generalist,,generalist,toothed.generalist,
Pipa_parva,Pipa,absent,Pipidae,generalist,,generalist,edentulous.generalist,
Pipa_carvalhoi,Pipa,present,Pipidae,generalist,,generalist,toothed.generalist,
Phyllomedusa_azurea,Pithecopus,present,Phyllomedusidae,,generalist,generalist,toothed.generalist,
Platyplectrum_spenceri,Platyplectrum,present,Myobatrachidae,microphagous,,microphagous,toothed.microphagous,
Rhombophryne_alluaudi,Plethodontohyla,present,Microhylidae,,generalist,generalist,toothed.generalist,
Pleurodema_nebulosum,Pleurodema,present,Leptodactylidae,generalist,,generalist,toothed.generalist,
Polypedates_macrotis,Polypedates,present,Rhacophoridae,,generalist,generalist,toothed.generalist,
Pristimantis_vinhai,Pristimantis,present,Craugastoridae,,generalist,generalist,toothed.generalist,
Probreviceps_macrodactylus,Probreviceps,absent,Brevicipitidae,,generalist,generalist,edentulous.generalist,
Proceratophrys_boiei,Proceratophrys,present,Odontophrynidae,generalist,,generalist,toothed.generalist,
Pseudacris_ornata,Pseudacris,present,Hylidae,generalist,,generalist,toothed.generalist,
Pseudis_paradoxa,Pseudis,present,Hylidae,generalist,,generalist,toothed.generalist,
Pseudopaludicola_falcipes,Pseudopaludicola,present,Leptodactylidae,generalist,,generalist,toothed.generalist,
Pseudophryne_bibronii,Pseudophryne,absent,Myobatrachidae,microphagous,,microphagous,edentulous.microphagous,
Ptychadena_upembae,Ptychadena,present,Ptychadenidae,,generalist,generalist,toothed.generalist,
Ptychohyla_spinipollex,Ptychohyla,present,Hylidae,,generalist,generalist,toothed.generalist,
Hylarana_grandocula,Pulchrana,present,Ranidae,,generalist,generalist,toothed.generalist,
Pyxicephalus_adspersus,Pyxicephalus,present,Pyxicephalidae,generalist,,generalist,toothed.generalist,
Rana_capito,Rana,present,Ranidae,generalist,,generalist,toothed.generalist,
Ranitomeya_reticulata,Ranitomeya,absent,Dendrobatidae,,microphagous,microphagous,edentulous.microphagous,
Litoria_aurea,Ranoidea,present,Pelodryadidae,generalist,,generalist,toothed.generalist,
Raorchestes_bombayensis,Raorchestes,present,Rhacophoridae,,generalist,generalist,toothed.generalist,
Rhaebo_blombergi,Rhaebo,absent,Bufonidae,,microphagous,microphagous,edentulous.microphagous,
Rheobates_palmatus,Rheobates,present,Aromobatidae,microphagous,,microphagous,toothed.microphagous,
Rheobatrachus_silus,Rheobatrachus,present,Myobatrachidae,,generalist,generalist,toothed.generalist,
Ecnomiohyla_miotympanum,Rheohyla,present,Hylidae,generalist,,generalist,toothed.generalist,
Rhinella_marina,Rhinella,absent,Bufonidae,generalist,,generalist,edentulous.generalist,
Rhinoderma_darwinii,Rhinoderma,absent,Rhinodermatidae,generalist,,generalist,edentulous.generalist,"Cei 1962: insects, many genera listed, none appear to be ants or mites. DCB"
Rhinophrynus_dorsalis,Rhinophrynus,absent,Rhinophrynidae,microphagous,,microphagous,edentulous.microphagous,
Rhombophryne_testudo,Rhombophryne,present,Microhylidae,,generalist,generalist,toothed.generalist,
Scaphiopus_holbrookii,Scaphiopus,present,Scaphiopodidae,generalist,,generalist,toothed.generalist,
Scarthyla_goinorum,Scarthyla,present,Hylidae,,generalist,generalist,toothed.generalist,
Scinax_staufferi,Scinax,present,Hylidae,generalist,,generalist,toothed.generalist,
Amietophrynus_gutturalis,Sclerophrys,absent,Bufonidae,,generalist,generalist,edentulous.generalist,
Scotobleps_gabonicus,Scotobleps,present,Arthroleptidae,,generalist,generalist,toothed.generalist,
Scutiger_boulengeri,Scutiger,present,Megophryidae,generalist,,generalist,toothed.generalist,
Sechellophryne_gardineri,Sechellophryne,present,Sooglossidae,microphagous,,microphagous,toothed.microphagous,
Silverstoneia_nubicola,Silverstoneia,present,Dendrobatidae,generalist,,generalist,toothed.generalist,
Smilisca_fodiens,Smilisca,present,Hylidae,generalist,,generalist,toothed.generalist,
Spea_multiplicata,Spea,present,Scaphiopodidae,generalist,,generalist,toothed.generalist,
Spelaeophryne_methneri,Spelaeophryne,absent,Brevicipitidae,microphagous,,microphagous,edentulous.microphagous,
Sphaenorhynchus_lacteus,Sphaenorhynchus,present,Hylidae,microphagous,,microphagous,toothed.microphagous,
Sphaerotheca_breviceps,Sphaerotheca,present,Dicroglossidae,generalist,,generalist,toothed.generalist,
Staurois_natator,Staurois,present,Ranidae,,generalist,generalist,toothed.generalist,
Stereocyclops_incrassatus,Stereocyclops,absent,Microhylidae,generalist,,generalist,edentulous.generalist,
Strabomantis_anomalus,Strabomantis,present,Strabomantidae,,generalist,generalist,toothed.generalist,
Strauchbufo_raddei,Strauchbufo,absent,Bufonidae,generalist,,generalist,edentulous.generalist,
Strongylopus_grayii,Strongylopus,present,Pyxicephalidae,,generalist,generalist,toothed.generalist,
Stumpffia_pygmaea,Stumpffia,absent,Microhylidae,,generalist,generalist,edentulous.generalist,
Synapturanus_mirandaribeiroi,Synapturanus,absent,Microhylidae,microphagous,,microphagous,edentulous.microphagous,
Tachycnemis_seychellensis,Tachycnemis,present,Hyperoliidae,generalist,,generalist,toothed.generalist,
Telmatobius_carrillae,Telmatobius,absent,Telmatobiidae,generalist,,generalist,edentulous.generalist,
Telmatobius_thompsoni,Telmatobius,present,Telmatobiidae,generalist,,generalist,toothed.generalist,
Telmatobufo_venustus,Telmatobufo,present,Calyptocephalellidae,generalist,,generalist,toothed.generalist,
Teratohyla_spinosa,Teratohyla,present,Centrolenidae,,generalist,generalist,toothed.generalist,
Thoropa_miliaris,Thoropa,present,Cycloramphidae,generalist,,generalist,toothed.generalist,
Tomopterna_delalandii,Tomopterna,present,Pyxicephalidae,,generalist,generalist,toothed.generalist,
Trachycephalus_jordani,Trachycephalus,present,Hylidae,,generalist,generalist,toothed.generalist,
Trichobatrachus_robustus,Trichobatrachus,present,Arthroleptidae,generalist,,generalist,toothed.generalist,
Triprion_petasatus,Triprion,present,Hylidae,,generalist,generalist,toothed.generalist,
Ramanella_montana,Uperodon,absent,Microhylidae,,microphagous,microphagous,edentulous.microphagous,
Uperodon_systoma,Uperodon,present,Microhylidae,microphagous,,microphagous,toothed.microphagous,
Uperoleia_mahonyi,Uperoleia,present,Myobatrachidae,,microphagous,microphagous,toothed.microphagous,
Uperoleia_rugosa,Uperoleia,absent,Myobatrachidae,,microphagous,microphagous,edentulous.microphagous,
Vandijkophrynus_gariepensis,Vandijkophrynus,absent,Bufonidae,,generalist,generalist,edentulous.generalist,
Xenohyla_truncata,Xenohyla,present,Hylidae,generalist,,generalist,toothed.generalist,
Xenopus_clivii,Xenopus,present,Pipidae,,generalist,generalist,toothed.generalist,
Xenorhina_mehelyi,Xenorhina,absent,Microhylidae,,generalist,generalist,edentulous.generalist,
Zachaenus_parvulus,Zachaenus,present,Cycloramphidae,generalist,,generalist,toothed.generalist,