﻿Species,Genus,Species_scored,Catalog#_reformatted,Family,Dentition,Dentition_1,Skull_length,Skull_width,Jaw_length,SVL
Acanthixalus_spinosus,Acanthixalus,Acanthixalus_spinosus,cas:herp:153800,Hyperoliidae,present,0,13.0,11.7,12.6,32.2
Acris_crepitans,Acris,Acris_crepitans,uf:herp:67444,Hylidae,present,0,8.2,7.3,6.9,22.8
Adelastes_hylonomos,Adelastes,Adelastes_hylonomos,amnh:herpetology:a-12369,Microhylidae,absent,1,8.2,7.2,6.4,27.3
Adelophryne_gutturosa,Adelophryne,Adelophryne_gutturosa,usnm:amphibians & reptiles:549315,Eleutherodactylidae,present,0,12.3,12.0,11.9,32.6
Adelotus_brevis,Adelotus,Adelotus_brevis,cas:herp:82351,Myobatrachidae,present,0,16.7,18.1,17.7,34.6
Adelphobates_quinquevittatus,Adelphobates,Adelphobates_quinquevittatus,ummz:herps:177942,Dendrobatidae,absent,1,5.5,5.0,4.6,14.7
Adenomera_andreae,Adenomera,Adenomera_andreae,uf:herp:43260,Leptodactylidae,present,0,9.3,8.9,9.2,25.9
Adenomus_kelaartii,Adenomus,Adenomus_kelaartii,fmnh:amphibiansandreptiles:1580,Bufonidae,absent,1,11.9,12.8,10.2,40.1
Afrixalus_orophilus,Afrixalus,Afrixalus_orophilus,uf:herp:38612,Hyperoliidae,present,0,7.2,6.2,6.5,22.0
Agalychnis_callidryas,Agalychnis,Agalychnis_callidryas,cas:herp:146957,Phyllomedusidae,present,0,15.7,18.7,16.9,50.6
Aglyptodactylus_madagascariensis,Aglyptodactylus,Aglyptodactylus_madagascariensis,cas:herp:250204,Mantellidae,present,0,18.0,19.7,19.8,49.1
Albericus_darlingtoni,Choerophryne,Choerophryne_darlingtoni,amnh:herpetology:a-112842,Microhylidae,absent,1,6.1,6.7,5.4,17.6
Albericus_variegatus,Albericus,Albericus_variegatus,amnh:herpetology:a-66572,Microhylidae,absent,1,5.6,5.5,4.4,15.4
Alexteroon_obstetricans,Alexteroon,Alexteroon_obstetricans,usnm:amphibians & reptiles:580563,Hyperoliidae,present,0,5.8,5.7,5.2,17.4
Allobates_femoralis,Allobates,Allobates_femoralis,ku:kuh:215180,Aromobatidae,present,0,8.1,7.4,8.6,22.9
Allopaa_hazarensis,Allopaa,Allopaa_hazarensis,uf:herp:82421,Dicroglossidae,present,0,22.6,25.4,21.9,63.8
Allophryne_ruthveni,Allophryne,Allophryne_ruthveni,ku:kuh:166716,Allophrynidae,absent,1,6.6,7.0,5.4,23.3
Alsodes_nodosus,Alsodes,Alsodes_nodosus,cm:herps:68395,Alsodidae,present,0,13.4,15.1,12.6,38.8
Altiphrynoides_malcolmi,Altiphrynoides,Altiphrynoides_malcolmi,cas:herp:162120,Bufonidae,absent,1,10.3,10.8,9.8,32.8
Altiphrynoides_osgoodi,Spinophrynoides,Spinophrynoides_osgoodi,cas:herp:162117,Bufonidae,absent,1,15.2,16.1,14.2,46.0
Alytes_obstetricans,Alytes,Alytes_obstetricans,cas:sua:21691,Alytidae,present,0,14.1,16.7,13.2,41.6
Amazophrynella_bokermanni,Amazophrynella,Amazophrynella_bokermanni,usnm:amphibians & reptiles:340079,Bufonidae,absent,1,7.4,6.6,6.4,22.0
Ameerega_trivittata,Ameerega,Ameerega_trivittata,uf:herp:107200,Dendrobatidae,absent,1,12.6,10.7,11.9,38.4
Amietia_amieti,Amietia,Ametia_sp,cas:herp:250650,Pyxicephalidae,present,0,16.5,15.9,16.2,44.9
Amietophrynus_gutturalis,Sclerophrys,Sclerophrys_sp,uf:herp:187171,Bufonidae,absent,1,20.9,25.7,18.9,70.6
Amietophrynus_mauritanicus,Amietophrynus,Amietophrynus_sp,AMB10009,Bufonidae,absent,1,16.7,15.8,16.6,67.1
Amolops_compotrix,Amolops,Amolops_compotrix,ncsm:ncsm-herp:76356,Ranidae,present,0,12.6,12.6,12.0,36.5
Anaxyrus_fowleri,Anaxyrus,Anaxyrus_fowleri,uf:herp:3997.2,Bufonidae,absent,1,12.5,12.6,12.0,44.6
Andinobates_minutus,Andinobates,Andinobates_minutus,ummz:herps:167655,Dendrobatidae,absent,1,5.1,4.9,4.8,14.1
Anhydrophryne_rattrayi,Anhydrophryne,Anhydrophryne_rattrayi,cas:herp:156428,Pyxicephalidae,present,0,6.2,6.2,5.6,16.2
Anodonthyla_boulengerii,Anodonthyla,Anodonthyla_boulengerii,cas:herp:250450,Microhylidae,present,0,5.9,5.9,5.3,19.3
Anomaloglossus_atopoglossus,Ectopoglossus,Ectopoglossus_atopoglossus,ku:kuh:289251,Dendrobatidae,present,0,7.1,6.9,6.8,21.7
Anomaloglossus_beebei,Anomaloglossus,Anomaloglossus_beebei,ku:kuh:69708,Aromobatidae,present,0,6.7,5.7,6.4,16.8
Anotheca_spinosa,Anotheca,Anotheca_spinosa,uf:herp:137287,Hylidae,present,0,19.1,23.6,20.4,63.6
Ansonia_mcgregori,Ansonia,Ansonia_mcgregori,ku:kuh:334742,Bufonidae,absent,1,12.6,13.4,10.5,48.4
Aparasphenodon_brunoi,Aparasphenodon,Aparasphenodon_brunoi,ku:kuh:71787,Hylidae,present,0,21.4,16.4,16.7,49.7
Aphantophryne_pansa,Aphantophryne,Aphantophryne_pansa,amnh:herpetology:a-58120,Microhylidae,absent,1,8.0,9.1,6.3,23.0
Aplastodiscus_perviridis,Aplastodiscus,Aplastodiscus_perviridis,ku:kuh:92722,Hylidae,present,0,11.7,14.0,12.8,31.3
Arcovomer_passarellii,Arcovomer,Arcovomer_passarellii,amnh:herpetology:a-79861,Microhylidae,absent,1,5.7,5.4,4.2,19.7
Arenophryne_rotunda,Arenophryne,Arenophryne_rotunda ,amnh:herpetology:a-106749,Myobatrachidae,absent,1,5.4,5.9,4.1,15.3
Argenteohyla_siemersi,Argenteohyla,Argenteohyla_siemersi,ku:kuh:116935,Hylidae,present,0,17.1,17.7,17.2,54.1
Aromobates_mayorgai,Aromobates,Aromobates_mayorgai ,ku:kuh:132932,Aromobatidae,present,0,8.2,7.8,7.4,22.9
Arthroleptella_lightfooti,Arthroleptella,Arthroleptella_lightfooti,cas:herp:157023,Pyxicephalidae,present,0,5.4,4.5,4.8,13.1
Arthroleptides_martiensseni,Arthroleptides,Arthroleptides_martiensseni,cas:herp:168627,Petropedetidae,present,0,22.4,27.9,25.0,60.5
Arthroleptis_bivittatus,Arthroleptis,Arthroleptis_bivittatus,cas:herp:207285,Arthroleptidae,present,0,10.5,10.0,10.0,30.6
Arthroleptis_schubotzi,Arthroleptis,Arthroleptis_schubotzi,cas:herp:201762,Arthroleptidae,absent,1,6.9,6.5,6.3,20.1
Ascaphus_montanus,Ascaphus,Ascaphus_montanus,ku:kuh:31372,Ascaphidae,present,0,11.9,11.9,10.2,30.5
Assa_darlingtoni,Assa,Assa_darlingtoni,fmnh:amphibians and reptiles:228333,Myobatrachidae,present,0,7.2,7.5,6.8,21.3
Asterophrys_turpicola,Asterophrys,Asterophrys_turpicola,amnh:herpetology:a-78098,Microhylidae,absent,1,22.3,31.6,21.9,48.9
Astylosternus_diadematus,Astylosternus,Astylosternus_diadematus,cas:herp:254126,Arthroleptidae,present,0,18.2,19.1,17.6,46.5
Atelognathus_patagonicus,Atelognathus,Atelognathus_patagonicus,cas:herp:141967,Batrachylidae,present,0,10.3,10.2,8.8,27.8
Atelopus_ignescens,Atelopus,Atelopus_ignescens,uf:herp:39140,Bufonidae,absent,1,10.6,10.3,8.2,34.4
Atopophrynus_syntomopus,Atopophrynus,Atopophrynus syntomopus,amnh:herpetology:a-122260,Strabomantidae,absent,1,6.5,6.0,5.2,19.3
Aubria_masako,Aubria,Aubria_masako,mcz:herp:a-135999,Pyxicephalidae,present,0,28.3,27.1,30.7,83.7
Austrochaperina_robusta,Austrochaperina,Austrochaperina_robusta,amnh:herpetology:a-111401,Microhylidae,absent,1,8.3,9.1,7.2,24.3
Babina_adenopleura,Nidirana,Nidirana_adenopleura,ummz:herps:199195,Ranidae,present,0,16.1,16.0,15.5,46.1
Babina_subaspera,Babina,Babina subaspera,uf:herp:64239,Ranidae,present,0,37.6,48.2,40.4,125.1
Balebreviceps_hillmani,Balebreviceps,Balebreviceps_hillmani,cas:herp:167436,Brevicipitidae,absent,1,9.4,10.8,6.0,31.3
Barbarophryne_brongersmai,Barbarophryne,Barbarophryne_brongersmai,mvz:amphibianandreptilespecimens:mvz:herp:241541,Bufonidae,absent,1,9.9,9.5,9.2,27.5
Barbourula_busuangensis,Barbourula,Barbourula_busuangensis,uf:herp:70546,Bombinatoridae,present,0,27.2,32.1,31.8,81.3
Barycholos_pulcher,Barycholos,Barycholos_pulcher,uf:herp:68063,Strabomantidae,present,0,7.7,7.6,7.4,20.5
Barygenys_exsul,Barygenys,Barygenys_exsul ,amnh:herpetology:a-60059,Microhylidae,absent,1,9.9,10.4,6.8,35.7
Batrachyla_taeniata,Batrachyla,Batrachyla_taeniata,cas:herp:85253,Batrachylidae,present,0,12.5,12.2,12.0,35.3
Blommersia_blommersae,Blommersia,Blommersia_blommersae,ku:kuh:340765,Mantellidae,present,0,7.2,5.8,7.1,19.0
Boehmantis_microtympanum,Boehmantis,Mantidactylus_microtympanum,ummz:herps:214595,Mantellidae,present,0,27.8,33.3,30.8,85.3
Bokermannohyla_circumdata,Bokermannohyla,Bokermannohyla_circumdata,ku:kuh:91987,Hylidae,present,0,16.0,17.8,17.7,42.0
Bombina_maxima,Bombina,Bombina_maxima,uf:herp:96648,Bombinatoridae,present,0,14.3,18.2,14.2,52.0
Boophis_boehmei,Boophis,Boophis_boehmei,cas:herp:250237,Mantellidae,present,0,11.4,11.2,11.6,31.9
Brachycephalus_ephippium,Brachycephalus,Brachycephalus_ephippium,uf:herp:72725,Brachycephalidae,absent,1,5.6,6.3,4.7,15.0
Brachytarsophrys_carinense,Brachytarsophrys,Brachytarsophrys_carinense,uf:herp:63888,Megophryidae,present,0,29.8,52.3,39.4,102.5
Breviceps_gibbosus,Breviceps,Breviceps_gibbosus,amnh:herpetology:a-3053,Brevicipitidae,absent,1,16.0,21.5,13.3,63.1
Bromeliohyla_bromeliacia,Bromeliohyla,Bromeliohyla_bromeliacia,mvz:amphibianandreptilespecimens:mvz:herp:-H-265651,Hylidae,present,0,11.4,13.0,11.2,33.1
Bryophryne_cophites,Bryophryne,Bryophryne_cophites,ku:kuh:173293,Strabomantidae,present,0,8.6,9.1,7.8,26.4
Buergeria_japonica,Buergeria,Buergeria_japonica,cas:herp:211461,Rhacophoridae,present,0,11.4,12.1,10.5,32.6
Bufo_gargarizans,Bufo,Bufo_gargarizans,usnm:amphibians & reptiles:248419,Bufonidae,absent,1,29.2,40.4,30.2,105.0
Bufotes_latastii,Bufotes,Bufotes_latastii,uf:herp:81385,Bufonidae,absent,1,18.8,22.0,18.3,62.0
Cacosternum_boettgeri,Cacosternum,Cacosternum_boettgeri,cas:herp:125890,Pyxicephalidae,present,0,7.3,7.1,6.3,23.3
Cacosternum_namaquense,Cacosternum,Cacosternum_namaquense,cas:herp:156975,Pyxicephalidae,absent,1,7.4,8.0,6.3,22.4
Callixalus_pictus,Callixalus,Callixalus_pictus,uf:herp:27887,Hyperoliidae,present,0,11.1,11.0,10.3,31.4
Callulina_kisiwamsitu,Callulina,Callulina_kisiwamsitu,cas:herp:168818,Brevicipitidae,absent,1,13.2,16.0,12.2,45.8
Callulops_stictogaster,Callulops,Callulops_stictogaster ,amnh:herpetology:a-74890,Microhylidae,absent,1,21.7,25.1,18.3,69.6
Calyptocephalella_gayi,Calyptocephalella,Calyptocephalella_gayi,cas:herp:10082,Calyptocephalellidae,present,0,21.2,26.3,23.1,52.8
Capensibufo_rosei,Capensibufo,Capensibufo_sp,cas:herp:156600,Bufonidae,absent,1,9.6,8.9,8.3,26.4
Cardioglossa_cyaneospila,Cardioglossa,Cardioglossa_cyaneospila,cas:herp:250950,Arthroleptidae,absent,1,10.4,11.1,9.4,31.5
Celsiella_revocata,Celsiella,Celsiella_revocata,T628,Centrolenidae,present,0,8.3,9.5,7.7,26.6
Centrolene_buckleyi,Centrolene,Centrolene_buckleyi,uf:herp:30578,Centrolenidae,present,0,10.1,10.0,8.8,31.3
Ceratobatrachus_guentheri,Cornufer,Cornufer_guentheri,uf:herp:80585,Ceratobatrachidae,present,0,22.9,30.8,25.9,57.3
Ceratophrys_aurita,Ceratophrys,Ceratophrys_aurita,cas:herp:84998,Ceratophryidae,present,0,49.3,70.9,55.4,118.2
Ceuthomantis_smaragdinus,Ceuthomantis,Ceuthomantis_smaragdinus,ku:kuh:315000,Ceuthomantidae,present,0,7.5,6.8,6.8,19.3
Chacophrys_pierottii,Chacophrys,Chacophrys_pierottii,ku:kuh:191932,Ceratophryidae,present,0,15.9,19.8,15.5,31.5
Chaperina_fusca,Chaperina,Chaperina_fusca,uf:herp:68372,Microhylidae,absent,1,7.2,6.8,5.8,22.5
Charadrahyla_nephila,Charadrahyla,Charadrahyla_nephila,ku:kuh:100899,Hylidae,present,0,17.2,19.4,18.2,52.8
Chiasmocleis_crucis,Chiasmocleis,Chiasmocleis_crucis,uf:herp:9034,Microhylidae,absent,1,6.4,5.7,4.3,20.0
Chimerella_mariaelenae,Chimerella,Chimerella_sp,CORBIDI:H:10475,Centrolenidae,present,0,6.7,7.8,5.8,20.5
Chiromantis_rufescens,Chiromantis,Chiromantis_rufescens,cas:herp:253330,Rhacophoridae,present,0,16.6,14.9,16.0,52.9
Chrysobatrachus_cupreonitens,Chrysobatrachus,Chrysobatrachus_cupreonitens,uf:herp:27884,Hyperoliidae,present,0,7.7,7.2,6.7,19.9
Chrysopaa_sternosignata,Chrysopaa,Chrysopaa_sternosignata,uf:herp:85720,Dicroglossidae,present,0,30.6,36.7,32.2,86.6
Cochranella_granulosa,Cochranella,Cochranella_granulosa,uf:herp:137267,Centrolenidae,present,0,8.0,9.3,7.9,26.3
Colostethus_fugax,Leucostethus,Leucostethus_sp,CJ:8311,Dendrobatidae,present,0,9.1,8.3,8.8,23.5
Colostethus_panamansis,Colostethus,Colostethus_panamansis,uf:herp:106871,Dendrobatidae,present,0,9.4,9.0,8.9,25.9
Conraua_goliath,Conraua,Conraua_goliath,uf:herp:64720,Conrauidae,present,0,79.0,97.1,96.3,263.9
Cophixalus_cryptotympanum,Cophixalus,Cophixalus_cryptotympanum,mcz:herp:a-136648,Microhylidae,absent,1,6.5,6.3,5.2,26.8
Cophyla_phyllodactyla,Cophyla,Cophyla_phyllodactyla,ummz:herps:219339,Microhylidae,present,0,7.7,8.6,6.4,24.4
Copiula_oxyrhina,Copiula,Copiula_oxyrhina,amnh:herpetology:a-60046,Microhylidae,absent,1,8.3,8.8,7.1,26.0
Corythomantis_greeningi,Corythomantis,Corythomantis_greeningi,ku:kuh:92220,Hylidae,present,0,14.6,12.6,11.5,38.7
Craugastor_laticeps,Craugastor,Craugastor_laticeps,uf:herp:157233,Craugastoridae,present,0,19.2,22.1,20.3,50.6
Crinia_insignifera,Crinia,Crinia_insignifera,cas:herp:100927,Myobatrachidae,present,0,8.6,8.1,7.4,22.3
Crossodactylodes_izecksohni,Crossodactylodes,Crossodactylodes_sp,cas:sua:11774,Leptodactylidae,present,0,10.8,10.4,10.6,30.7
Crossodactylus_gaudichaudii,Crossodactylus,Crossodactylus_gaudichaudii,usnm:amphibians & reptiles:81155,Hylodidae,present,0,8.5,8.6,7.7,23.3
Cruziohyla_calcarifer,Cruziohyla,Cruziohyla_calcarifer,uf:herp:137291,Phyllomedusidae,present,0,20.7,24.8,22.3,71.1
Cryptobatrachus_boulengeri,Cryptobatrachus,Cryptobatrachus_boulengeri,usnm:amphibians & reptiles:92599,Hemiphractidae,present,0,15.3,16.3,15.2,38.8
Cryptothylax_greshoffii,Cryptothylax,Cryptothylax_greshoffii,cas:herp:258216,Hyperoliidae,present,0,17.5,18.7,17.8,51.5
Ctenophryne_geayi,Ctenophryne,Ctenophryne_geayi,amnh:herpetology:a-166441,Microhylidae,absent,1,11.4,14.0,10.0,40.0
Cycloramphus_asper,Cycloramphus,Cycloramphus_asper,cm:herps:68338,Cycloramphidae,present,0,20.3,24.4,21.0,56.1
Dasypops_schirchi,Dasypops,Dasypops_schirchi,amnh:herpetology:a-69926,Microhylidae,absent,1,8.1,5.6,5.8,30.7
Dendrobates_tinctorius,Dendrobates,Dendrobates_tinctorius,ypm:vz:ypm hera 010610,Dendrobatidae,absent,1,12.8,11.4,11.8,41.7
Dendrophryniscus_brevipollicatus,Dendrophryniscus,Dendrophryniscus_brevipollicatus,ku:kuh:93172,Bufonidae,absent,1,6.5,4.9,4.8,19.3
Dendropsophus_leucophyllatus,Dendropsophus,Dendropsophus_leucophyllatus,mvz:amphibian and reptile specimens:mvz:herp:247539,Hylidae,present,0,11.4,14.3,12.2,41.9
Dermatonotus_muelleri,Dermatonotus,Dermatonotus_muelleri,amnh:herpetology:a-190695,Microhylidae,absent,1,14.7,16.4,12.3,59.6
Diasporus_diastema,Diasporus,Diasporus_diastema,uf:herp:156143,Eleutherodactylidae,present,0,9.1,9.1,8.3,25.2
Didynamipus_sjostedti,Didynamipus,Didynamipus_sjostedti,cas:herp:162676,Bufonidae,absent,1,5.3,4.9,4.5,13.4
Dischidodactylus_duidensis,Dischidodactylus,Dischidodactylus duidensis,amnh:herpetology:a-23192,Strabomantidae,present,0,9.1,9.1,8.0,22.6
Discoglossus_pictus,Discoglossus,Discoglossus_pictus,ku:kuh:144217,Alytidae,present,0,15.2,14.7,14.8,46.2
Duellmanohyla_soralia,Duellmanohyla,Duellmanohyla_soralia,mvz:amphibianandreptilespecimens:mvz:herp:269958,Hylidae,present,0,9.0,10.6,9.4,28.2
Duttaphrynus_dodsoni,Duttaphrynus,Duttaphrynus_dodsoni,cas:herp:227515,Bufonidae,absent,1,13.4,16.3,12.5,48.7
Dyscophus_antongilii,Dyscophus,Dyscophus_antongilii,mcz:herp:a-11792,Microhylidae,present,0,26.9,36.7,26.2,91.2
Ecnomiohyla_minera,Ecnomiohyla,Ecnomiohyla_minera,mvz:amphibianandreptilespecimens:mvz:herp:-130790,Hylidae,present,0,22.8,30.8,26.4,79.0
Ecnomiohyla_miotympanum,Rheohyla,Rheohyla_miotympanum,ummz:herps:124847,Hylidae,present,0,10.7,11.9,10.9,30.9
Edalorhina_perezi,Edalorhina,Edalorhina_perezi,cas:sua:11446,Leptodactylidae,present,0,12.6,12.4,12.5,34.1
Elachistocleis_bicolor,Elachistocleis,Elachistocleis_bicolor,amnh:herpetology:a-19891,Microhylidae,absent,1,6.0,5.3,5.0,24.1
Eleutherodactylus_orientalis,Eleutherodactylus,Eleutherodactylus_orientalis, uf:herp:167747,Eleutherodactylidae,present,0,4.5,3.9,3.8,11.7
Engystomops_pustulatus,Engystomops,Engystomops_pustulatus,uf:herp:98144,Leptodactylidae,present,0,5.2,4.7,4.7,13.3
Engystomops_pustulosus,Engystomops,Engystomops_pustulosus,cas:sua:21892,Leptodactylidae,absent,1,8.1,8.0,6.7,25.2
Epidalea_calamita,Epidalea,Epidalea_calamita,mvz:amphibianandreptilespecimens:mvz:herp:148877,Bufonidae,absent,1,18.7,22.2,18.1,59.5
Epipedobates_tricolor,Epipedobates,Metacrinia,ku:kuh:219763,Dendrobatidae,present,0,7.2,6.4,6.8,19.2
Espadarana_prosoblepon,Espadarana,Espadarana_prosoblepon,ku:kuh:164632,Centrolenidae,present,0,8.1,9.0,7.7,23.9
Euparkerella_brasiliensis,Euparkerella,Euparkerella_brasiliensis ,fmnh:amphibiansandreptiles:170010,Craugastoridae,present,0,5.6,5.8,4.9,16.3
Eupemphix_nattereri,Physalaemus,Physalaemus_nattereri,mcz:herp:a-30113,Leptodactylidae,absent,1,12.7,13.6,10.1,40.3
Euphlyctis_cyanophlyctis,Euphlyctis,Euphlyctis_cyanophlyctis,cas:herp:243588,Dicroglossidae,present,0,20.2,21.9,20.9,60.2
Eupsophus_roseus,Eupsophus,Eupsophus_roseus,cm:herps:63926,Alsodidae,present,0,13.6,14.8,12.7,37.1
Exerodonta_catracha,Exerodonta,Exerodonta_catracha,uf:herp:142360,Hylidae,present,0,8.3,8.6,7.8,22.1
Feihyla_palpebralis,Feihyla,Feihyla_palpebralis,ncsm:ncsm-herp:80341,Rhacophoridae,present,0,12.5,12.8,12.1,37.3
Fejervarya_limnocharis,Fejervarya,Fejervarya_limnocharis,cas:herp:23509,Dicroglossidae,present,0,23.2,22.8,21.7,64.8
Flectonotus_fitzgeraldi,Flectonotus,Flectonotus_fitzgeraldi ,ku:kuh:181983,Hemiphractidae,present,0,7.3,7.7,7.1,20.9
Fritziana_fissilis,Fritziana,Fritziana_fissilis ,ku:kuh:187470,Hemiphractidae,present,0,7.6,8.0,7.4,21.0
Frostius_pernambucensis,Frostius,Frostius_pernambucensis,usnm:amphibians & reptiles:565102,Bufonidae,absent,1,8.2,8.8,7.2,22.4
Gastrophryne_carolinensis,Gastrophryne,Gastrophryne_carolinensis,uf:herp:110645,Microhylidae,absent,1,6.5,6.0,4.9,23.2
Gastrophrynoides_borneensis,Gastrophrynoides,Gastrophrynoides_borneensis,fmnh:amphibiansandreptiles:146185,Microhylidae,absent,1,11.4,10.6,8.7,42.0
Gastrotheca_cornuta,Gastrotheca,Gastrotheca_cornuta,uf:herp:71755,Hemiphractidae,present,0,22.9,27.8,24.3,72.9
Gastrotheca_guentheri,Gastrotheca,Gastrotheca_guentheri,ku:kuh:164226,Hemiphractidae,present,0,22.7,34.3,27.0,71.0
Geobatrachus_walkeri,Geobatrachus,Geobatrachus_walkeri,mcz:herp:a-10213,Strabomantidae,present,0,7.2,6.7,6.5,20.1
Geocrinia_laevis,Geocrinia,Geocrinia_laevis,ku:kuh:186932,Myobatrachidae,present,0,5.7,6.2,5.7,17.0
Gephyromantis_malagasius,Gephyromantis,Gephyromantis_malagasius,ku:kuh:340736,Mantellidae,present,0,8.6,8.4,8.3,21.1
Glandirana_minima,Glandirana,Glandirana_rugosa,uf:herp:22316,Ranidae,present,0,16.4,17.8,17.1,44.2
Glyphoglossus_molossus,Glyphoglossus,Glyphoglossus_molossus,cas:herp:243121,Microhylidae,absent,1,15.2,15.7,11.5,68.8
Gracixalus_gracilipes,Gracixalus,Gracixalus_gracilipes,ku:kuh:311718,Rhacophoridae,present,0,8.1,8.3,7.8,22.7
Guibemantis_depressiceps,Guibemantis,Guibemantis_depressiceps,cas:herp:251213,Mantellidae,present,0,12.9,13.1,13.6,36.1
Haddadus_binotatus,Haddadus,Haddadus_binotatus,usnm:amphibians & reptiles:303295,Craugastoridae,present,0,16.3,16.0,16.9,42.4
Hadromophryne_natalensis,Hadromophryne,Hadromophryne_natalensis,cas:herp:156289,Heleophrynidae,present,0,17.5,19.4,18.0,53.1
Hamptophryne_boliviana,Hamptophryne,Hamptophryne_boliviana,amnh:herpetology:a-115764,Microhylidae,absent,1,11.3,12.0,9.6,33.7
Heleioporus_eyrei,Heleioporus,Heleioporus_eyrei,mcz:herp:a-139552,Myobatrachidae,present,0,18.3,22.2,17.1,52.7
Heleophryne_purcelli,Heleophryne,Heleophryne_purcelli,cas:herp:157090,Heleophrynidae,present,0,12.9,16.7,14.0,38.3
Hemiphractus_proboscideus,Hemiphractus,Hemiphractus_proboscideus,uf:herp:43204,Hemiphractidae,present,0,21.2,27.9,23.5,60.5
Hemisus_guineensis,Hemisus,Hemisus_guineensis,cas:herp:258533,Hemisotidae,absent,1,9.0,8.2,5.7,33.0
Heterixalus_rutenbergi,Heterixalus,Heterixalus_sp,cas:herp:250262,Hyperoliidae,present,0,10.1,10.7,10.3,29.5
Hildebrandtia_ornata,Hildebrandtia,Hildebrandtia_ornata,cas:herp:154657,Ptychadenidae,present,0,18.3,19.8,18.7,49.4
Holoaden_luederwaldti,Holoaden,Holoaden_luederwaldti,mcz:herp:a-100139,Strabomantidae,present,0,11.8,13.1,11.1,36.0
Hoplobatrachus_tigerinus,Hoplobatrachus,Hoplobatrachus_tigerinus,ummz:herps:240539,Dicroglossidae,present,0,40.6,50.0,45.6,122.7
Hoplophryne_rogersi,Hoplophryne,Hoplophryne_rogersi,cas:herp:168679,Microhylidae,absent,1,7.0,7.3,5.6,20.9
Huia_cavitympanum,Huia,Huia_cavitympanum,fmnh:amphibiansandreptiles:219902,Ranidae,present,0,25.3,25.5,24.9,64.8
Hyalinobatrachium_fleischmanni,Hyalinobatrachium,Hyalinobatrachium_fleishmanni,uf:herp:140640,Centrolenidae,present,0,6.3,8.3,6.2,20.8
Hydrolaetare_schmidti,Hydrolaetare,Hydrolaetare_schmidti,ku:kuh:220904,Leptodactylidae,present,0,36.3,42.1,42.5,106.3
Hyla_andersonii,Hyla,Hyla_andersonii,uf:herp:30274,Hylidae,present,0,11.6,13.1,11.4,34.8
Hyla_cinerea,Dryophytes,Hyla_cinerea,uf:herp:123473,Hylidae,present,0,12.5,12.7,12.7,43.3
Hylarana_albolabris,Amnirana,Amnirana_albolabris,cas:herp:258101,Ranidae,present,0,23.8,22.6,24.1,68.3
Hylarana_arfaki,Papurana,Papurana_arfaki,uf:herp:121106,Ranidae,present,0,29.2,28.8,31.8,77.2
Hylarana_chalconota,Chalcorana,Chalcorana_chalconota,ku:kuh:153957,Ranidae,present,0,15.9,13.9,15.5,37.8
Hylarana_crassiovis,Sumaterana,Sumaterana_crassiovis,fmnh:amphibians and reptiles:266751,Ranidae,present,0,19.8,20.5,20.8,58.1
Hylarana_galamensis,Hylarana,Hylarana_galamensis,cas:herp:214840,Ranidae,present,0,22.3,21.0,22.0,63.2
Hylarana_grandocula,Pulchrana,Pulchrana_grandocula,ku:kuh:326399,Ranidae,present,0,23.4,24.9,23.9,70.3
Hylarana_humeralis,Humerana,Humerana_humeralis,fmnh:amphibians and reptiles:97975,Ranidae,present,0,27.3,28.3,28.2,80.5
Hylarana_luctuosa,Abavorana,Abavorana_nazgul ,ku:kuh:335757,Ranidae,present,0,16.4,15.5,15.7,45.0
Hylarana_malabarica,Hydrophylax,Hydrophylax_malabarica,fmnh:amphibians and reptiles:134775,Ranidae,present,0,20.6,19.5,19.8,60.6
Hylarana_milleti,Indosylvirana,Indosylvirana_milleti ,fmnh:amphibiansandreptiles:253436,Ranidae,present,0,16.0,14.4,15.5,44.3
Hylarana_nigrovittata,Sylvirana,Sylvirana_nigrovittatus,ncsm:ncsm-herp:79411,Ranidae,present,0,18.5,18.9,18.7,40.1
Hylodes_asper,Hylodes,Hylodes_asper,cm:herps:45975,Hylodidae,present,0,12.4,12.9,11.2,36.3
Agalychnis_lemur,Hylomantis,Hylomantis lemur,mvz:amphibian and reptile specimens:mvz:herp:210463,Hylidae,present,0,12.8,13.4,14.3,44.6
Hylophorbus_rufescens,Hylophorbus,Hylophorbus_rufescens,amnh:herpetology:a-59961,Microhylidae,absent,1,14.5,15.4,13.2,42.6
Hylorina_sylvatica,Hylorina,Hylorina_sylvatica,cas:herp:141996,Batrachylidae,present,0,21.1,21.7,20.4,60.9
Hyloscirtus_bogotensis,Hyloscirtus,Hyloscirtus_bogotensis,uf:herp:107860,Hylidae,present,0,14.4,16.5,14.3,46.5
Hyloxalus_fuliginosus,Hyloxalus,Hyloxalus fuliginosus,ku:kuh:182106,Dendrobatidae,present,0,10.1,11.0,10.3,29.9
Hymenochirus_boettgeri,Hymenochirus,Hymenochirus_boettgeri,cas:herp:253587,Pipidae,absent,1,9.2,7.7,6.1,30.8
Hyperolius_angolensis,Hyperolius,Hyperolius_angolensis,uf:herp:185635,Hyperoliidae,present,0,9.1,9.5,9.1,31.5
Hypodactylus_araiodactylus,Hypodactylus,Hypodactylus_araiodactylus,uf:herp:40764,Strabomantidae,present,0,9.4,9.5,8.5,24.7
Hypopachus_barberi,Hypopachus,Hypopachus_barberi ,MVZ149057,Microhylidae,absent,1,9.4,10.0,7.2,32.9
Hypsiboas_boans,Hypsiboas,Hypsiboas_boans,uf:herp:73746,Hylidae,present,0,28.4,32.6,31.4,98.2
Hypsiboas_heilprini,Boana,Hypsiboas_heilprini,uf:herp:57613,Hylidae,present,0,15.9,19.1,17.4,49.7
Ikakogi_tayrona,Ikakogi,Ikakogi_tayrona,ku:kuh:169750,Centrolenidae,present,0,9.6,11.2,9.6,29.6
Incilius_epioticus,Incilius,Incilius_epiotica,ku:kuh:107403,Bufonidae,absent,1,10.4,12.4,8.8,32.4
Indirana_diplosticta,Walkerana,Sallywalkerana_diplosticta,fmnh:amphibiansandreptiles:217983,Ranixalidae,present,0,9.1,9.6,8.9,23.3
Indirana_phrynoderma,Indirana,Indirana_phrynoderma,CES:F:648,Ranixalidae,present,0,11.9,13.7,11.2,31.2
Ingerana_mariae,Alcalus,Alcalus_maria ,ku:kuh:309521,Ceratobatrachidae,present,0,16.3,19.5,16.7,42.0
Ingerana_tenasserimensis,Ingerana,Ingerana_tenasserimensis,usnm:amphibians & reptiles:586923,Dicroglossidae,present,0,7.8,7.6,7.6,20.3
Ingerophrynus_biporcatus,Ingerophrynus,Ingerophrynus_biporcatus,uf:herp:29244,Bufonidae,absent,1,18.3,21.5,16.6,64.2
Ischnocnema_gualteri,Ischnocnema,Ischnocnema_gualteri,usnm:amphibians & reptiles:96454,Brachycephalidae,present,0,7.0,6.5,6.1,17.8
Isthmohyla_pseudopuma,Isthmohyla,Isthmohyla_pseudopuma,mcz:herp:a-A-29108,Hylidae,present,0,11.9,11.3,11.6,33.5
Itapotihyla_langsdorffii,Itapotihyla,Itapotihyla_langsdorffii,ku:kuh:146850,Hylidae,present,0,20.1,22.7,21.7,65.2
Kalophrynus_pleurostigma,Kalophrynus,Kalophrynus_pleurostigma,cas:sua:22070,Microhylidae,absent,1,12.4,13.1,11.3,44.9
Kaloula_kalingensis,Kaloula,Kaloula_kalingensis,ku:kuh:337714,Microhylidae,absent,1,12.1,14.8,10.4,42.8
Kassina_senegalensis,Kassina,Kassina_senegalensis,uf:herp:28288,Hyperoliidae,present,0,11.4,10.1,9.7,31.2
Kassinula_wittei,Kassinula,Kassinula_wittei,cas:herp:196702,Hyperoliidae,present,0,5.3,4.7,4.2,15.1
Kurixalus_appendiculatus,Rhacophorus,Rhacophorus_appendiculatus,ku:kuh:322222,Rhacophoridae,present,0,14.9,16.3,16.3,42.9
Kurixalus_odontotarsus,Kurixalus,Kurixalus_odontotarsus,ncsm:ncsm-herp:86708,Rhacophoridae,present,0,10.7,11.2,10.7,30.8
Laliostoma_labrosum,Laliostoma,Laliostoma_labrosum,fmnh:amphibiansandreptiles:79801,Mantellidae,present,0,21.9,24.6,23.6,60.2
Lankanectes_corrugatus,Lankanectes,Lankanectes_corrugatus,fmnh:amphibiansandreptiles:81229,Nyctibatrachidae,present,0,9.1,9.5,8.8,22.4
Lanzarana_largeni,Lanzarana,Lanzarana_largeni,usnm:amphibians & reptiles:233868,Ptychadenidae,present,0,13.3,14.2,12.3,40.9
Laurentophryne_parkeri,Laurentophryne,Laurentophryne_parkeri,RMCA:VERT:B.105045,Bufonidae,absent,1,7.5,7.1,5.7,23.9
Lechriodus_melanopyga,Lechriodus,Lechriodus_melanopyga,uf:herp:121100,Myobatrachidae,present,0,22.1,25.3,23.2,57.2
Leiopelma_hamiltoni,Leiopelma,Leiopelma_hamiltoni,cas:herp:53931,Leiopelmatidae,present,0,17.6,17.9,16.2,44.0
Lepidobatrachus_asper,Lepidobatrachus,Lepidobatrachus_asper,uf:herp:12347,Ceratophryidae,present,0,31.0,53.4,43.5,81.5
Leptobrachella_mjobergi,Leptobrachella,Leptobrachella_mjobergi,fmnh:amphibiansandreptiles:273699,Megophryidae,present,0,6.7,5.9,6.4,19.2
Leptobrachium_hasseltii,Leptobrachium,Leptobrachium_hasseltii,uf:herp:61841,Megophryidae,present,0,20.1,24.3,21.9,58.3
Leptodactylodon_ovatus,Leptodactylodon,Leptodactylodon_ovatus,cas:herp:253933,Arthroleptidae,present,0,11.7,15.0,12.0,36.7
Leptodactylus_pentadactylus,Leptodactylus,Leptodactylus_pentadactylus,uf:herp:103788,Leptodactylidae,present,0,46.5,59.2,54.1,144.6
Leptolalax_pelodytoides,Leptolalax,Leptolalax_pelodytoides,fmnh:amphibiansandreptiles:263450,Megophryidae,present,0,12.0,12.6,13.0,34.8
Leptopelis_notatus,Leptopelis,Leptopelis_notatus,cas:herp:253554,Arthroleptidae,present,0,21.1,27.3,21.9,64.8
Leptophryne_borbonica,Leptophryne,Leptophryne_borbonica,ku:kuh:98135,Bufonidae,absent,1,8.6,7.1,6.5,27.1
Limnodynastes_convexiusculus,Limnodynastes,Limnodynastes_convexiusculus, cas:herp:121263,Myobatrachidae,present,0,16.6,18.2,16.3,43.2
Limnomedusa_macroglossa,Limnomedusa,Limnomedusa_macroglossa,cm:herps:55388,Alsodidae,present,0,17.3,19.5,16.2,52.2
Limnonectes_kuhlii,Limnonectes,Limnonectes_kuhlii,tnhc:herpetology:59829,Dicroglossidae,present,0,21.4,24.3,23.2,61.8
Lithodytes_lineatus,Lithodytes,Lithodytes_lineatus,MNHN1978.335,Leptodactylidae,present,0,14.7,15.5,13.8,43.3
Litoria_aurea,Ranoidea,Ranoidea_aurea,uf:herp:109124,Pelodryadidae,present,0,19.5,19.7,20.7,57.8
Litoria_multicolor,Litoria,Litoria_sp,uf:herp:109124,Pelodryadidae,present,0,19.4,19.7,20.6,57.5
Lynchius_nebulanastes,Lynchius,Lynchius_nebulanastes,ku:kuh:181402,Strabomantidae,present,0,11.5,12.1,11.6,33.4
Lysapsus_laevis,Lysapsus,Lysapsus_laevis,cas:herp:257656,Hylidae,present,0,7.9,7.8,7.3,22.6
Macrogenioglottus_alipioi,Macrogenioglottis,Macrogenioglottus_alipioi,usnm:amphibians & reptiles:200455,Odontophrynidae,present,0,33.0,47.7,32.8,103.3
Madecassophryne_truebae,Madecassophryne,Madecassophryne_truebae,ummz:herps:198831,Microhylidae,absent,1,5.4,5.6,4.4,15.5
Mannophryne_trinitatis,Mannophryne,Mannophryne_trinitatis,cas:herp:231816,Dendrobatidae,present,0,7.0,6.7,6.7,18.1
Mantella_baroni,Mantella,Mantella_baroni,cas:herp:250387,Mantellidae,absent,1,7.3,6.4,6.3,21.0
Mantophryne_lateralis,Mantophryne,Mantophryne_lateralis,lsumz:herps:97987,Microhylidae,absent,1,12.0,13.6,10.8,38.0
Megaelosia_goeldii,Megaelosia,Megaelosia_goeldii,ku:kuh:92962,Hylodidae,present,0,21.1,22.2,23.5,55.7
Megastomatohyla_mixomaculata,Megastomatohyla,Megastomatohyla_mixomaculata,ummz:herps:118171,Hylidae,present,0,10.3,11.0,10.2,33.2
Melanobatrachus_indicus,Melanobatrachus,Melanobatrachus_indicus,CES:F:1807,Microhylidae,absent,1,9.0,8.6,6.9,29.6
Melanophryniscus_stelzneri,Melanophryniscus,Melanophryniscus_stelzneri,uf:herp:63183,Bufonidae,absent,1,7.8,7.4,5.6,25.5
Meristogenys_jerboa,Meristogenys,Meristogenys_jerboa,ku:kuh:155612,Ranidae,present,0,24.9,24.4,26.2,65.5
Mertensophryne_micranotis,Mertensophryne,Mertensophryne_micranotis,cas:herp:162553,Bufonidae,absent,1,6.5,5.8,4.5,20.1
Metacrinia_nichollsi,Metacrinia,Metacrinia_nichollsi,mcz:herp:a-58884,Myobatrachidae,absent,1,7.5,7.6,6.0,23.0
Metaphrynella_pollicaris,Metaphrynella,Metaphrynella_pollicaris,ku:kuh:335688,Microhylidae,absent,1,7.0,7.5,5.7,23.1
Metaphryniscus_sosai,Metaphryniscus,Metaphryniscus_sosai,usnm:amphibians & reptiles:550148,Bufonidae,absent,1,7.0,6.3,6.1,18.7
Micrixalus_silvaticus,Micrixalus,Micrixalus_adonis,CES:F:1647,Micrixalidae,present,0,9.6,8.4,8.6,25.8
Microbatrachella_capensis,Microbatrachella,Microbatrachella_capensis,cas:herp:157008,Pyxicephalidae,present,0,5.9,4.9,5.1,14.7
Microhyla_achatina,Microhyla,Microhyla_achatina,mcz:herp:a-2683,Microhylidae,absent,1,10.2,6.5,7.5,36.1
Micryletta_inornata,Micryletta,Micryletta_inornata,cas:herp:231524,Microhylidae,absent,1,6.8,6.5,5.8,19.7
Minyobates_steyermarki,Minyobates,Minyobates_steyermarki,ku:kuh:189176,Dendrobatidae,absent,1,5.7,4.9,5.2,16.0
Mixophyes_fasciolatus,Mixophyes,Mixophyes_fasciolatus,cas:herp:82050,Myobatrachidae,present,0,33.9,38.1,34.1,91.5
Myersiella_microps,Myersiella,Myersiella_microps,amnh:herpetology:a-79860,Microhylidae,absent,1,7.9,6.8,5.5,23.8
Myersiohyla_neblinaria,Myersiohyla,Myersiohyla_neblinaria,usnm:amphibians & reptiles:562071,Hylidae,present,0,16.4,17.3,17.5,47.9
Myobatrachus_gouldii,Myobatrachus,Myobatrachus_gouldii,mcz:herp:a-139543,Myobatrachidae,absent,1,9.3,10.0,6.2,41.3
Nanorana_pleskei,Nanorana,Nanorana_pleskei,usnm:amphibians & reptiles:82721,Dicroglossidae,present,0,10.4,10.1,9.5,28.6
Nasikabatrachus_sahyadrensis,Nasikabatrachus,Nasikabatrachus_sahyadrensis,CES:F:203,Nasikabatrachidae,absent,1,19.0,19.2,13.2,83.8
Natalobatrachus_bonebergi,Natalobatrachus,Natalobatrachus_bonebergi,cas:herp:156617,Pyxicephalidae,present,0,11.9,10.6,11.0,30.7
Nectophryne_afra,Nectophryne,Nectophryne_afra,cas:herp:258098,Bufonidae,absent,1,6.4,6.4,4.5,19.5
Neobatrachus_pictus,Neobatrachus,Neobatrachus_pictus,uf:herp:100822,Myobatrachidae,present,0,15.6,18.5,13.8,43.4
Nimbaphrynoides_occidentalis,Nimbaphrynoides,Nimbaphrynoides_occidentalis,: mcz:herp:a-26364,Bufonidae,absent,1,7.6,7.4,6.4,22.9
Noblella_myrmecoides,Noblella,Noblella_myrmecoides,mcz:herp:a-A-89110,Craugastoridae,present,0,5.4,4.4,4.8,12.9
Notaden_bennettii,Notaden,Notaden_bennettii,cas:herp:78115,Myobatrachidae,absent,1,10.4,11.2,7.1,32.7
Nothophryne_broadleyi,Nothophryne,Nothophryne_broadleyi,cas:herp:156126,Pyxicephalidae,present,0,7.5,8.1,6.9,21.3
Nyctibates_corrugatus,Nyctibates,Nyctibates_corrugatus,cas:herp:256829,Arthroleptidae,present,0,17.2,20.2,18.2,50.4
Nyctibatrachus_aliciae,Nyctibatrachus,Nyctibatrachus_aliciae,CES:F:775,Nyctibatrachidae,present,0,11.3,13.1,11.3,29.3
Nyctimantis_rugiceps,Nyctimantis,Nyctimantis_rugiceps,ku:kuh:152476,Hylidae,present,0,20.1,22.3,19.7,56.8
Nyctimystes_daymani,Nyctimystes,Nyctimystes_daymani,uf:herp:109158,Pelodryadidae,present,0,16.9,19.1,18.6,53.9
Nyctixalus_spinosus,Nyctixalus,Nyctixalus_spinosus,cas:sua:20916,Rhacophoridae,present,0,14.5,13.4,13.8,37.5
Nymphargus_griffithsi,Nymphargus,Nymphargus_griffithsi,ku:kuh:118016,Centrolenidae,present,0,7.7,8.6,6.9,26.2
Occidozyga_laevis,Occidozyga,Occidozyga_laevis,ku:kuh:320174,Dicroglossidae,present,0,15.2,15.9,14.6,43.5
Odontobatrachus_natator,Odontobatrachus,Odontobatrachus_natator,cas:herp:230204,Odontobatrachidae,present,0,17.7,19.2,16.7,54.1
Odontophrynus_americanus,Odontophrynus,Odontophrynus_americanus,cm:herps:147828,Odontophrynidae,present,0,18.5,25.5,20.4,56.2
Odorrana_livida,Odorrana,Odorrana_livida,fmnh:amphibiansandreptiles:24677,Ranidae,present,0,31.9,30.2,32.8,97.1
Oophaga_pumilio,Oophaga,Oophaga_pumilio,uf:herp:80874,Dendrobatidae,absent,1,6.8,5.9,5.8,20.2
Opisthothylax_immaculatus,Opisthothylax,Opisthothylax_immaculatus,cas:herp:258235,Hyperoliidae,present,0,9.8,10.1,9.9,30.4
Oreobates_quixensis,Oreobates,Oreobates_quixensis,cas:sua:11453,Strabomantidae,present,0,16.1,17.2,15.5,41.4
Oreolalax_pingii,Oreolalax,Oreolalax_pingii,cas:herp:194560,Megophryidae,present,0,17.1,18.8,16.9,45.9
Oreophryne_streiffeleri,Oreophryne,Oreophryne_streiffeleri,amnh:herpetology:a-192281,Microhylidae,absent,1,8.6,9.3,8.4,21.9
Oreophrynella_nigra,Oreophrynella,Oreophrynella_nigra,usnm:amphibians & reptiles:550182,Bufonidae,absent,1,7.4,7.4,6.5,19.7
Osornophryne_bufoniformis,Osornophryne,Osornophryne_bufoniformis,usnm:amphibians & reptiles:322774,Bufonidae,absent,1,10.1,9.9,8.7,31.7
Osteocephalus_taurinus,Osteocephalus,Osteocephalus_taurinus,uf:herp:27081,Hylidae,present,0,18.6,23.2,19.8,60.6
Osteopilus_septentrionalis,Osteopilus,Osteopilus_septentrionalis,uf:herp:63656,Hylidae,present,0,22.5,26.5,22.9,77.0
Otophryne_robusta,Otophryne,Otophryne_robusta,amnh:herpetology:a-131554,Microhylidae,absent,1,16.0,15.8,12.9,49.0
Oxydactyla_stenodactyla,Oxydactyla,Oxydactyla_stenodactyla,mcz:herp:a-A-111974,Microhylidae,absent,1,10.8,8.9,8.5,34.8
Paedophryne_amauensis,Paedophryne,Paedophryne_amauensis,lsumz:herps:95004,Microhylidae,absent,1,3.2,2.7,2.4,7.8
Paracassina_obscura,Paracassina,Paracassina_obscura,cas:herp:145354,Hyperoliidae,present,0,10.7,12.1,9.6,38.1
Paracrinia_haswelli,Paracrinia,Paracrinia_haswelli,mcz:herp:a-A-45643,Myobatrachidae,present,0,9.2,9.9,9.0,27.9
Paradoxophyla_palmata,Paradoxophyla,Paradoxophyla_palmata,mcz:herp:a-136648,Microhylidae,absent,1,6.9,7.0,5.0,27.8
Parapelophryne_scalpta,Parapelophryne,Parapelophryne scalptus, rom:reptiles and amphibians:44356,Bufonidae,absent,1,13.6,16.5,12.5,41.3
Paratelmatobius_lutzii,Paratelmatobius,Paratelmatobius_lutzii,usnm:amphibians & reptiles:525811,Leptodactylidae,present,0,7.9,7.8,7.7,21.2
Parhoplophryne_usambarica,Parhoplophryne,Parhoplophryne_usambarica,mcz:herp:a-A-13818,Microhylidae,absent,1,6.2,6.3,4.4,19.6
Pedostibes_hosii,Rentapia,Rentapia_hosii,fmnh:amphibiansandreptiles:231193,Bufonidae,absent,1,26.0,31.2,23.3,88.0
Pedostibes_tuberculosus,Pedostibes,Pedostibes_tuberculosus,fmnh:amphibiansandreptiles:218144,Bufonidae,absent,1,12.0,12.3,10.6,37.7
Pelobates_fuscus,Pelobates,Pelobates_fuscus,uf:herp:36935,Pelobatidae,present,0,16.8,20.6,16.3,54.3
Pelodytes_caucasicus,Pelodytes,Pelodytes_caucasicus,cas:herp:94059,Pelodytidae,present,0,13.8,15.8,13.3,40.7
Pelophryne_lighti,Pelophryne,Pelophryne_lighti,ku:kuh:310635,Bufonidae,absent,1,4.1,4.2,3.1,11.7
Pelophylax_ridibundus,Pelophylax,Pelophylax_ridibundus,cas:herp:217695,Ranidae,present,0,30.7,34.4,34.5,101.5
Peltophryne_guentheri,Peltophryne,Peltophryne_guentheri,uf:herp:104862,Bufonidae,absent,1,21.5,21.7,15.3,64.7
Petropedetes_palmipes,Petropedetes,Petropedetes_palmipes,cas:herp:153715,Petropedetidae,present,0,13.7,14.6,12.9,35.3
Phasmahyla_guttata,Phasmahyla,Phasmahyla_guttata,ku:kuh:92270,Phyllomedusidae,present,0,10.0,8.0,9.7,25.5
Philautus_surdus,Philatus,Philautus_surdus,ku:kuh:321696,Rhacophoridae,present,0,11.7,12.6,11.7,31.6
Philoria_frosti,Philoria,Philoria_frosti,fmnh:amphibiansandreptiles:97942,Myobatrachidae,present,0,14.9,16.4,13.4,35.8
Phlyctimantis_leonardi,Phlyctimantis,Phlyctimantis_leonardi,cas:herp:258273,Hyperoliidae,present,0,14.9,15.4,14.1,46.4
Phrynella_pulchra,Phrynella,Phrynella_pulchra,mvz:amphibianandreptilespecimens:mvz:herp:271671,Microhylidae,absent,1,9.9,10.0,7.4,30.7
Phrynobatrachus_krefftii,Phrynobatrachus,Phrynobatrachus_krefftii,cas:herp:168486,Phrynobatrachidae,present,0,14.5,13.5,13.4,40.5
Phrynoidis_aspera,Phrynoidis,Phrynoidis_aspera,usnm:amphibians & reptiles:586870,Bufonidae,absent,1,30.7,33.6,29.8,101.6
Phrynomantis_annectens,Phrynomantis,Phrynomantis annectens,AMB:10086,Microhylidae,absent,1,7.8,8.4,6.5,30.9
Phrynomedusa_fimbriata,Phrynomedusa,Phrynomedusa_fimbriata,ku:kuh:92273,Phyllomedusidae,present,0,11.7,12.2,11.7,30.5
Phrynopus_thompsoni,Phrynopus,Phrynopus_thompsoni,uf:herp:104034,Craugastoridae,present,0,8.7,8.3,8.1,24.8
Phyllobates_bicolor,Phyllobates,Phyllobates_bicolor,uf:herp:71742,Dendrobatidae,present,0,13.2,13.9,12.8,40.0
Phyllodytes_luteolus,Phyllodytes,Phyllodytes_luteolus,ku:kuh:74250,Hylidae,present,0,7.8,9.0,7.4,23.5
Phyllomedusa_azurea,Pithecopus,Pithecopus_azurea,mcz:herp:a-A-29952,Phyllomedusidae,present,0,10.6,10.6,10.0,34.9
Phyllomedusa_bicolor,Phyllomedusa,Phyllomedusa_bicolor,cas:herp:259760,Phyllomedusidae,present,0,32.7,39.4,36.9,105.3
Phyllomedusa_perinesos,Callimedusa,Callimedusa_perinesos,mcz:herp:a-A-97778,Phyllomedusidae,present,0,14.5,15.9,15.6,48.8
Physalaemus_gracilis,Physalaemus,Physalaemus_gracilis,ypm:vz:ypm hera 009630,Leptodactylidae,present,0,3.8,4.6,3.9,11.2
Phyzelaphryne_miriamae,Phyzelaphryne,Phyzelaphryne_miriamae,usnm:amphibians & reptiles:239363,Eleutherodactylidae,present,0,5.6,4.9,5.1,14.4
Pipa_carvalhoi,Pipa,Pipa_carvalhoi,mcz:herp:a-25737,Pipidae,present,0,15.7,14.9,11.6,44.0
Pipa_parva,Pipa,Pipa_parva,uf:herp:37924,Pipidae,absent,1,10.9,9.7,7.3,32.0
Platymantis_polillensis,Platymantis,Platymantis_polillensis,ku:kuh:313722,Ceratobatrachidae,present,0,9.1,8.8,8.7,22.8
Platyplectrum_spenceri,Platyplectrum,Platyplectrum_spenceri,mcz:herp:a-A-22384,Myobatrachidae,present,0,9.1,10.6,7.7,24.5
Plectrohyla_guatemalensis,Plectrohyla,Plectrohyla_guatemalensis,uf:herp:142375,Hylidae,present,0,15.3,17.8,15.5,51.5
Pleurodema_nebulosum,Pleurodema,Pleurodema_nebulosum,cas:sua:15635,Leptodactylidae,present,0,12.1,15.3,12.0,33.0
Polypedates_macrotis,Polypedates,Polypedates_macrotis,ku:kuh:327008,Rhacophoridae,present,0,20.9,22.0,21.4,67.8
Poyntonia_paludicola,Poyntonia,Poyntonia_paludicola,cas:herp:165936,Pyxicephalidae,present,0,8.9,9.1,7.8,24.4
Poyntonophrynus_grandisonae,Poyntonophrynus,Poyntonophrynus_grandisonae,AMB10340,Bufonidae,absent,1,10.1,12.5,9.9,33.1
Pristimantis_pluvicanorus,Yunganastes,Yunganastes pluvicanorus,amnh:herpetology:a-165193,Strabomantidae,present,0,12.6,13.8,11.6,33.9
Pristimantis_prolixodiscus,Tachiramantis,Tachiramantis_prolixodiscus,ku:kuh:132728,Craugastoridae,present,0,8.7,9.7,8.7,22.7
Pristimantis_vinhai,Pristimantis,Pristimantis_vinhai,usnm:amphibians & reptiles:284544,Craugastoridae,present,0,33.6,32.1,31.1,79.9
Probreviceps_macrodactylus,Probreviceps,Probreviceps_macrodactylus,uf:herp:111075,Brevicipitidae,absent,1,14.0,16.7,11.4,47.0
Proceratophrys_boiei,Proceratophrys,Proceratophrys_boiei,cm:herps:45986,Odontophrynidae,present,0,19.7,26.8,21.2,43.1
Pseudacris_ornata,Pseudacris,Pseudacris_ornata,uf:herp:159-19,Hylidae,present,0,10.2,10.7,9.7,30.6
Pseudhymenochirus_merlini,Pseudhymenochirus,Pseudhymenochirus_merlini,cas:herp:257120,Pipidae,absent,1,10.8,6.9,8.0,35.1
Pseudis_paradoxa,Pseudis,Pseudis_paradoxa,uf:herp:71527,Hylidae,present,0,19.1,19.9,19.3,49.8
Pseudobufo_subasper,Pseudobufo,Pseudobufo_subasper,ku:kuh:335697,Bufonidae,absent,1,20.3,23.1,18.0,75.1
Pseudopaludicola_falcipes,Pseudopaludicola,Pseudopaludicola_falcipes,ypm:vz:ypm hera 009648,Leptodactylidae,present,0,5.4,5.0,5.0,13.8
Pseudophilautus_microtympanum,Pseudophilautus,Pseudophilautus_microtympanum,uf:herp:100578,Rhacophoridae,present,0,11.6,13.1,11.8,36.2
Pseudophryne_bibronii,Pseudophryne,Pseudophryne bibronii,uf:herp:100826,Myobatrachidae,absent,1,7.8,7.2,6.2,23.3
Psychrophrynella_bagrecito,Psychrophrynella,Psychrophrynella bagrecito, amnh:herpetology:a-159115,Strabomantidae,present,0,6.2,5.6,5.6,15.0
Psychrophrynella_wettsteini,Microkayla,Microkayla_wettsteini,ku:kuh:183051,Strabomantidae,present,0,9.7,10.4,10.3,30.7
Pterorana_khare,Pterorana,Pterorana_khare,cas:herp:235143,Ranidae,present,0,22.5,23.8,22.2,67.3
Ptychadena_upembae,Ptychadena,Ptychadena_sp,cas:herp:256862,Ptychadenidae,present,0,19.0,17.1,17.2,48.8
Ptychohyla_sanctaecrucis,Quilticohyla,Quilticohyla_sanctaecrucis, ku:kuh:217288,Hylidae,present,0,10.2,11.2,10.9,29.4
Ptychohyla_spinipollex,Ptychohyla,Ptychohyla_spinipollex,ku:kuh:204216,Hylidae,present,0,11.5,12.4,11.9,35.4
Pyxicephalus_adspersus,Pyxicephalus,Pyxicephalus_adspersus,uf:herp:92093,Pyxicephalidae,present,0,39.9,53.9,43.2,112.5
Quasipaa_boulengeri,Quasipaa,Quasipaa_boulengeri,usnm:amphibians & reptiles:107546,Dicroglossidae,present,0,21.6,24.0,23.2,70.9
Ramanella_montana,Uperodon,Uperodon_montanus,uf:herp:20016,Microhylidae,absent,1,7.4,7.8,5.4,25.2
Rana_capito,Rana,Rana_capito,uf:herp:159097,Ranidae,present,0,27.0,34.1,30.2,72.7
Rana_clamitans,Lithobates,Rana_clamitans,uf:herp:76511,Ranidae,present,0,21.8,22.0,22.5,61.3
Ranitomeya_reticulata,Ranitomeya,Ranitomeya_reticulata,mcz:herp:a-89069,Dendrobatidae,absent,1,5.3,3.9,4.5,15.1
Raorchestes_bombayensis,Raorchestes,Raorchestes_flaviocularas,CES:F:1253,Rhacophoridae,present,0,6.6,7.5,6.1,19.2
Rhacophorus_bimaculatus,Leptomantis,Leptomantis_bimaculatus,ku:kuh:313790,Rhacophoridae,present,0,12.2,12.6,13.2,37.3
Rhaebo_blombergi,Rhaebo,Rhaebo_blombergi,uf:herp:104602,Bufonidae,absent,1,43.5,59.4,46.1,152.4
Rheobates_palmatus,Rheobates,Rheobates_palmatus,usnm:amphibians & reptiles:137777,Aromobatidae,present,0,11.3,12.0,11.3,31.7
Rheobatrachus_silus,Rheobatrachus,Rheobatrachus_silus,cas:herp:153753,Myobatrachidae,present,0,13.9,15.0,14.1,46.8
Rhinella_marina,Rhinella,Rhinella_marina,uf:herp:172560,Bufonidae,absent,1,29.2,37.1,29.1,92.0
Rhinoderma_darwinii,Rhinoderma,Rhinoderma_darwinii,uf:herp:62022,Rhinodermatidae,absent,1,8.4,8.2,7.1,24.8
Rhinophrynus_dorsalis,Rhinophrynus,Rhinophrynus_dorsalis,cas:herp:71766,Rhinophrynidae,absent,1,13.6,13.4,10.7,33.5
Rhombophryne_alluaudi,Plethodontohyla,Plethodontohyla_alluaudi,mcz:herp:a-A120467,Microhylidae,present,0,10.8,13.8,10.9,35.7
Rhombophryne_testudo,Rhombophryne,Rhombophryne_testudo,uf:herp:153535,Microhylidae,present,0,11.5,16.5,9.7,43.8
Rulyrana_spiculata,Rulyrana,Rulyrana_spiculata,usnm:amphibians & reptiles:342777,Centrolenidae,present,0,7.4,8.2,6.9,22.2
Sabahphrynus_maculatus,Sabahphrynus,Sabahphrynus maculata,mvz:amphibian and reptile specimens:mvz:herp:234680,Bufonidae,absent,1,17.4,22.3,16.1,62.8
Sachatamia_ilex,Sachatamia,Sachatamia_ilex,ku:kuh:221613,Centrolenidae,present,0,10.1,11.5,10.1,31.0
Sanguirana_everetti,Sanguirana,Sanguirana_cf._everetti,ku:kuh:306863,Ranidae,present,0,20.7,17.7,20.4,53.8
Scaphiophryne_calcarata,Scaphiophryne,Scaphiophryne_calcarata,mcz:herp:a-120691,Microhylidae,absent,1,8.6,9.6,7.3,31.6
Scaphiopus_holbrookii,Scaphiopus,Scaphiopus_holbrookii,uf:herp:9620,Scaphiopodidae,present,0,17.8,20.5,18.5,46.3
Scarthyla_goinorum,Scarthyla,Scarthyla_ostinodactyla,usnm:amphibians & reptiles:281671,Hylidae,present,0,5.8,5.0,4.9,16.1
Schismaderma_carens,Schismaderma,Schismaderma_carens,cas:herp:196558,Bufonidae,absent,1,22.7,25.1,18.3,88.7
Scinax_staufferi,Scinax,Scinax_staufferi,uf:herp:137479,Hylidae,present,0,8.1,8.0,7.9,26.6
Scotobleps_gabonicus,Scotobleps,Scotobleps_gabonicus,cas:herp:256863,Arthroleptidae,present,0,20.6,21.7,21.5,52.4
Scutiger_boulengeri,Scutiger,Scutiger_boulengeri,cas:herp:196766,Megophryidae,present,0,8.4,7.7,7.5,23.5
Scythrophrys_sawayae,Scythrophrys,Scythrophrys_sawayae,usnm:amphibians & reptiles:137662,Leptodactylidae,present,0,5.5,5.3,4.7,15.4
Sechellophryne_gardineri,Sechellophryne,Sechellophryne_gardineri,cas:herp:156991,Sooglossidae,present,0,4.2,3.6,4.0,11.4
Semnodactylus_wealii,Semnodactylus,Semnodactylus_wealii,cas:herp:127787,Hyperoliidae,present,0,12.2,12.5,10.9,35.0
Silverstoneia_nubicola,Silverstoneia,Silverstoneia_nubicola,ku:kuh:76833,Dendrobatidae,present,0,6.4,5.8,5.9,17.1
Smilisca_fodiens,Smilisca,Smilisca_fodiens,ku:kuh:062348,Hylidae,present,0,17.5,20.7,18.9,58.0
Sooglossus_sechellensis,Sooglossus,Sooglossus_sechellensis,cas:herp:160084,Sooglossidae,present,0,7.4,7.0,7.3,18.4
Spea_multiplicata,Spea,Spea_multiplicata,uf:herp:100788,Scaphiopodidae,present,0,15.6,19.6,14.9,49.7
Spelaeophryne_methneri,Spelaeophryne,Spelaeophryne_methneri,cas:herp:11521,Brevicipitidae,absent,1,10.3,10.2,6.9,34.9
Sphaenorhynchus_lacteus,Sphaenorhynchus,Sphaenorhynchus_lacteus,cas:herp:245061,Hylidae,present,0,11.0,12.1,9.0,42.5
Sphaerotheca_breviceps,Sphaerotheca,Sphaerotheca_breviceps,uf:herp:20069,Dicroglossidae,present,0,18.2,21.5,17.9,52.8
Sphenophryne_cornuta,Sphenophryne,Sphenophryne_cornuta,amnh:herpetology:a-83048,Microhylidae,absent,1,8.7,8.5,8.6,24.5
Spicospina_flammocaerulea,Spicospina,Spicospina flammocaerulea,WAM 112150,Myobatrachidae,absent,1,10.8,10.4,8.9,29.3
Spinomantis_aglavei,Spinomantis,Spinomantis_aglavei,cas:herp:250569,Mantellidae,present,0,14.2,14.4,14.6,40.4
Staurois_natator,Staurois,Staurois_natator,cas:herp:145994,Ranidae,present,0,13.1,12.1,12.4,35.9
Stefania_scalae,Stefania,Stefania_scalae,ku:kuh:167241,Hemiphractidae,present,0,23.8,25.2,24.7,67.8
Stereocyclops_incrassatus,Stereocyclops,Stereocyclops_incrassatus,amnh:herpetology:a-73552,Microhylidae,absent,1,14.8,20.2,14.6,50.5
Strabomantis_anomalus,Strabomantis,Strabomantis_anomalus,cas:herp:119754,Strabomantidae,present,0,14.2,15.4,14.6,35.9
Strauchbufo_raddei,Strauchbufo,Strauchbufo_raddei,usnm:amphibians & reptiles:68677,Bufonidae,absent,1,19.2,20.6,17.6,63.6
Strongylopus_grayii,Strongylopus,Strongylopus_grayii,cas:herp:211614,Pyxicephalidae,present,0,12.6,11.9,11.5,33.1
Stumpffia_pygmaea,Stumpffia,Stumpffia_pygmaea,UF:Herp:15363,Microhylidae,absent,1,3.7,3.4,3.1,11.0
Synapturanus_mirandaribeiroi,Synapturanus,Synapturanus_mirandaribeiroi,amnh:herpetology:a-90935,Microhylidae,absent,1,7.8,6.8,4.9,27.1
Tachycnemis_seychellensis,Tachycnemis,Tachycnemis_seychellensis,fmnh:amphibians and reptiles:213700,Hyperoliidae,present,0,15.8,15.8,15.7,41.7
Taruga_eques,Taruga,Taruga_eques,uf:herp:168200,Rhacophoridae,present,0,23.4,27.3,25.8,72.6
Taudactylus_diurnus,Taudactylus,Taudactylus_diurnus,mcz:herp:a-100671,Myobatrachidae,absent,1,8.4,7.4,7.4,21.5
Telmatobius_carrillae,Telmatobius,Telmatobius_carrillae,uf:herp:39717,Telmatobiidae,absent,1,13.2,13.2,11.9,42.8
Telmatobius_thompsoni,Telmatobius,Telmatobius_thompsoni,uf:herp:39734,Telmatobiidae,present,0,21.9,27.0,22.3,65.6
Telmatobufo_venustus,Telmatobufo,Telmatobufo_venustus,ku:kuh:161438,Calyptocephalellidae,present,0,22.1,28.2,23.0,71.3
Tepuihyla_rodriguezi,Tepuihyla,Tepuihyla_rodriguezi,ku:kuh:167004,Hylidae,present,0,11.9,12.1,11.6,36.3
Teratohyla_spinosa,Teratohyla,Teratohyla_spinosa,ku:kuh:123221,Centrolenidae,present,0,6.2,6.5,5.5,17.0
Theloderma_stellatum,Theloderma,Theloderma_stellatum,ncsm:ncsm-herp:80384,Rhacophoridae,present,0,11.4,12.6,10.9,29.2
Thoropa_miliaris,Thoropa,Thoropa_miliaris,cm:herps:68357,Cycloramphidae,present,0,20.9,26.2,22.1,63.4
Tlalocohyla_smithii,Tlalocohyla,Tlalocohyla_smithii,ummz:herps:104779,Hylidae,present,0,4.7,3.8,3.6,11.6
Tomopterna_delalandii,Tomopterna,Tomopterna_delalandii,cas:herp:157511,Pyxicephalidae,present,0,15.7,18.8,15.1,43.2
Trachycephalus_jordani,Trachycephalus,Trachycephalus_jordani,uf:herp:98302,Hylidae,present,0,19.2,19.0,17.8,54.0
Trichobatrachus_robustus,Trichobatrachus,Trichobatrachus_robustus,cas:herp:254134,Arthroleptidae,present,0,22.3,30.5,25.6,70.0
Triprion_petasatus,Triprion,Triprion_petasatus,uf:herp:98441,Hylidae,present,0,19.1,14.8,13.9,46.9
Truebella_tothastes,Truebella,Truebella_tothastes,ku:kuh:196599,Bufonidae,absent,1,8.8,7.4,6.9,26.9
Uperodon_systoma,Uperodon,Uperodon_systoma,cas:herp:85287,Microhylidae,present,0,13.6,15.0,10.6,53.1
Uperoleia_rugosa,Uperoleia,Uperoleia_rugosa,cas:herp:82641,Myobatrachidae,absent,1,6.5,6.5,5.5,18.4
Vandijkophrynus_gariepensis,Vandijkophrynus,Vandijkophrynus_gariepensis,mcz:herp:a-106508,Bufonidae,absent,1,13.4,14.7,11.4,39.5
Vitreorana_antisthenesi,Vitreorana,Vitreorana_antisthenesi,ku:kuh:167350,Centrolenidae,present,0,8.1,8.5,7.6,23.9
Wakea_madinika,Wakea,Wakea_madinika,ZSM:601/2001,Mantellidae,absent,1,4.7,3.8,3.7,11.6
Werneria_preussi,Werneria,Werneria_preussi,cas:herp:162678,Bufonidae,absent,1,11.9,13.4,11.4,41.8
Wolterstorffina_mirei,Wolterstorffina,Wolterstorffina_mirei,mcz:herp:a-137999,Bufonidae,absent,1,11.3,11.3,9.7,35.8
Xenohyla_truncata,Xenohyla,Xenohyla_truncata,ku:kuh:92190,Hylidae,present,0,9.9,10.5,9.0,33.9
Xenophrys_major,Megophrys,Megophrys_major,cas:herp:245473,Megophryidae,present,0,20.0,27.4,24.2,60.8
Xenopus_clivii,Xenopus,Xenopus_clivii,uf:herp:92074,Pipidae,present,0,10.5,10.4,7.7,30.7
Xenorhina_mehelyi,Xenorhina,Xenorhina_mehelyi,amnh:herpetology:a-82291,Microhylidae ,absent,1,10.1,10.5,8.4,30.6
Zachaenus_parvulus,Zachaenus,Zachaenus_parvulus,cas:sua:11907,Cycloramphidae,present,0,10.1,12.9,10.0,27.3