﻿Species_Jetz&Pyron,Genus,Dentition,Family,Diet_species,Diet_genus,Diet_combined
Acris_crepitans,Acris,present,Hylidae,generalist,,generalist
Adelophryne_gutturosa,Adelophryne,present,Eleutherodactylidae,microphagous,,microphagous
Adelotus_brevis,Adelotus,present,Myobatrachidae,generalist,,generalist
Adelphobates_quinquevittatus,Adelphobates,absent,Dendrobatidae,microphagous,,microphagous
Adenomera_andreae,Adenomera,present,Leptodactylidae,generalist,,generalist
Afrixalus_orophilus,Afrixalus,present,Hyperoliidae,,generalist,generalist
Aglyptodactylus_madagascariensis,Aglyptodactylus,present,Mantellidae,generalist,,generalist
Allobates_femoralis,Allobates,present,Dendrobatidae,generalist,,generalist
Allophryne_ruthveni,Allophryne,absent,Allophrynidae,microphagous,,microphagous
Alsodes_nodosus,Alsodes,present,Alsodidae,,generalist,generalist
Amazophrynella_bokermanni,Amazophrynella,absent,Bufonidae,,microphagous,microphagous
Ameerega_trivittata,Ameerega,absent,Dendrobatidae,microphagous,,microphagous
Amietia_amieti,Amietia,present,Pyxicephalidae,,generalist,generalist
Amietophrynus_mauritanicus,Amietophrynus,absent,Bufonidae,,microphagous,microphagous
Hylarana_albolabris,Amnirana,present,Ranidae,,generalist,generalist
Amolops_compotrix,Amolops,present,Ranidae,,generalist,generalist
Anaxyrus_fowleri,Anaxyrus,absent,Bufonidae,generalist,,generalist
Andinobates_minutus,Andinobates,absent,Dendrobatidae,microphagous,,microphagous
Anhydrophryne_rattrayi,Anhydrophryne,present,Pyxicephalidae,generalist,,generalist
Anomaloglossus_beebei,Anomaloglossus,present,Aromobatidae,,generalist,generalist
Ansonia_mcgregori,Ansonia,absent,Bufonidae,,microphagous,microphagous
Aparasphenodon_brunoi,Aparasphenodon,present,Hylidae,generalist,,generalist
Aplastodiscus_perviridis,Aplastodiscus,present,Hylidae,generalist,,generalist
Arenophryne_rotunda,Arenophryne,absent,Myobatrachidae,microphagous,,microphagous
Aromobates_mayorgai,Aromobates,present,Aromobatidae,,generalist,generalist
Arthroleptides_martiensseni,Arthroleptides,present,Petropedetidae,generalist,,generalist
Arthroleptis_bivittatus,Arthroleptis,present,Arthroleptidae,,microphagous,microphagous
Arthroleptis_schubotzi,Arthroleptis,absent,Arthroleptidae,microphagous,,microphagous
Ascaphus_montanus,Ascaphus,present,Ascaphidae,generalist,,generalist
Assa_darlingtoni,Assa,present,Myobatrachidae,generalist,,generalist
Asterophrys_turpicola,Asterophrys,absent,Microhylidae,generalist,,generalist
Astylosternus_diadematus,Astylosternus,present,Arthroleptidae,,generalist,generalist
Atelognathus_patagonicus,Atelognathus,present,Batrachylidae,generalist,,generalist
Atelopus_ignescens,Atelopus,absent,Bufonidae,,microphagous,microphagous
Aubria_masako,Aubria,present,Pyxicephalidae,,generalist,generalist
Babina_subaspera,Babina,present,Ranidae,,generalist,generalist
Barbarophryne_brongersmai,Barbarophryne,absent,Bufonidae,generalist,,generalist
Barbourula_busuangensis,Barbourula,present,Bombinatoridae,generalist,,generalist
Barycholos_pulcher,Barycholos,present,Strabomantidae,,microphagous,microphagous
Batrachyla_taeniata,Batrachyla,present,Batrachylidae,generalist,,generalist
Hypsiboas_heilprini,Boana,present,Hylidae,,generalist,generalist
Bokermannohyla_circumdata,Bokermannohyla,present,Hylidae,,generalist,generalist
Bombina_maxima,Bombina,present,Bombinatoridae,generalist,,generalist
Boophis_boehmei,Boophis,present,Mantellidae,,generalist,generalist
Brachycephalus_ephippium,Brachycephalus,absent,Brachycephalidae,microphagous,,microphagous
Brachytarsophrys_carinense,Brachytarsophrys,present,Megophryidae,generalist,,generalist
Breviceps_gibbosus,Breviceps,absent,Brevicipitidae,,microphagous,microphagous
Buergeria_japonica,Buergeria,present,Rhacophoridae,,generalist,generalist
Bufo_gargarizans,Bufo,absent,Bufonidae,generalist,,generalist
Bufotes_latastii,Bufotes,absent,Bufonidae,,generalist,generalist
Cacosternum_boettgeri,Cacosternum,present,Pyxicephalidae,microphagous,,microphagous
Cacosternum_namaquense,Cacosternum,absent,Pyxicephalidae,,microphagous,microphagous
Phyllomedusa_perinesos,Callimedusa,present,Phyllomedusidae,,generalist,generalist
Callulina_kisiwamsitu,Callulina,absent,Brevicipitidae,,generalist,generalist
Calyptocephalella_gayi,Calyptocephalella,present,Calyptocephalellidae,generalist,,generalist
Cardioglossa_cyaneospila,Cardioglossa,absent,Arthroleptidae,,microphagous,microphagous
Centrolene_buckleyi,Centrolene,present,Centrolenidae,,generalist,generalist
Ceratophrys_aurita,Ceratophrys,present,Ceratophryidae,generalist,,generalist
Chacophrys_pierottii,Chacophrys,present,Ceratophryidae,generalist,,generalist
Hylarana_chalconota,Chalcorana,present,Ranidae,,generalist,generalist
Chaperina_fusca,Chaperina,absent,Microhylidae,microphagous,,microphagous
Charadrahyla_nephila,Charadrahyla,present,Hylidae,,generalist,generalist
Chiasmocleis_crucis,Chiasmocleis,absent,Microhylidae,,microphagous,microphagous
Chiromantis_rufescens,Chiromantis,present,Rhacophoridae,generalist,,generalist
Colostethus_panamansis,Colostethus,present,Dendrobatidae,,generalist,generalist
Conraua_goliath,Conraua,present,Conrauidae,generalist,,generalist
Cophixalus_cryptotympanum,Cophixalus,absent,Microhylidae,,microphagous,microphagous
Ceratobatrachus_guentheri,Cornufer,present,Ceratobatrachidae,generalist,,generalist
Corythomantis_greeningi,Corythomantis,present,Hylidae,generalist,,generalist
Craugastor_laticeps,Craugastor,present,Craugastoridae,,generalist,generalist
Crinia_insignifera,Crinia,present,Myobatrachidae,,generalist,generalist
Crossodactylus_gaudichaudii,Crossodactylus,present,Hylodidae,generalist,,generalist
Ctenophryne_geayi,Ctenophryne,absent,Microhylidae,microphagous,,microphagous
Cycloramphus_asper,Cycloramphus,present,Cycloramphidae,,generalist,generalist
Dendrobates_tinctorius,Dendrobates,absent,Dendrobatidae,microphagous,,microphagous
Dendrophryniscus_brevipollicatus,Dendrophryniscus,absent,Bufonidae,,microphagous,microphagous
Dendropsophus_leucophyllatus,Dendropsophus,present,Hylidae,generalist,,generalist
Dermatonotus_muelleri,Dermatonotus,absent,Microhylidae,microphagous,,microphagous
Diasporus_diastema,Diasporus,present,Eleutherodactylidae,,generalist,generalist
Discoglossus_pictus,Discoglossus,present,Alytidae,generalist,,generalist
Hyla_cinerea,Dryophytes,present,Hylidae,generalist,,generalist
Duttaphrynus_dodsoni,Duttaphrynus,absent,Bufonidae,,generalist,generalist
Dyscophus_antongilii,Dyscophus,present,Microhylidae,,generalist,generalist
Edalorhina_perezi,Edalorhina,present,Leptodactylidae,generalist,,generalist
Elachistocleis_bicolor,Elachistocleis,absent,Microhylidae,microphagous,,microphagous
Eleutherodactylus_orientalis,Eleutherodactylus,present,Eleutherodactylidae,microphagous,,microphagous
Engystomops_pustulatus,Engystomops,present,Leptodactylidae,generalist,,generalist
Engystomops_pustulosus,Engystomops,absent,Leptodactylidae,microphagous,,microphagous
Epidalea_calamita,Epidalea,absent,Bufonidae,,generalist,generalist
Epipedobates_tricolor,Epipedobates,present,Dendrobatidae,generalist,,generalist
Espadarana_prosoblepon,Espadarana,present,Centrolenidae,generalist,,generalist
Euphlyctis_cyanophlyctis,Euphlyctis,present,Dicroglossidae,generalist,,generalist
Eupsophus_roseus,Eupsophus,present,Alsodidae,,generalist,generalist
Exerodonta_catracha,Exerodonta,present,Hylidae,,generalist,generalist
Feihyla_palpebralis,Feihyla,present,Rhacophoridae,generalist,,generalist
Fejervarya_limnocharis,Fejervarya,present,Dicroglossidae,generalist,,generalist
Gastrophryne_carolinensis,Gastrophryne,absent,Microhylidae,microphagous,,microphagous
Gastrotheca_guentheri,Gastrotheca,present,Hemiphractidae,generalist,,generalist
Gastrotheca_cornuta,Gastrotheca,present,Hemiphractidae,,generalist,generalist
Gephyromantis_malagasius,Gephyromantis,present,Mantellidae,,generalist,generalist
Glandirana_minima,Glandirana,present,Ranidae,generalist,,generalist
Glyphoglossus_molossus,Glyphoglossus,absent,Microhylidae,microphagous,,microphagous
Guibemantis_depressiceps,Guibemantis,present,Mantellidae,,microphagous,microphagous
Haddadus_binotatus,Haddadus,present,Craugastoridae,generalist,,generalist
Hamptophryne_boliviana,Hamptophryne,absent,Microhylidae,microphagous,,microphagous
Heleioporus_eyrei,Heleioporus,present,Myobatrachidae,,generalist,generalist
Heleophryne_purcelli,Heleophryne,present,Heleophrynidae,generalist,,generalist
Hemiphractus_proboscideus,Hemiphractus,present,Hemiphractidae,generalist,,generalist
Hemisus_guineensis,Hemisus,absent,Hemisotidae,microphagous,,microphagous
Hildebrandtia_ornata,Hildebrandtia,present,Ptychadenidae,generalist,,generalist
Hoplobatrachus_tigerinus,Hoplobatrachus,present,Dicroglossidae,generalist,,generalist
Hoplophryne_rogersi,Hoplophryne,absent,Microhylidae,generalist,,generalist
Hylarana_humeralis,Humerana,present,Ranidae,generalist,,generalist
Hyalinobatrachium_fleischmanni,Hyalinobatrachium,present,Centrolenidae,generalist,,generalist
Hydrolaetare_schmidti,Hydrolaetare,present,Leptodactylidae,generalist,,generalist
Hyla_andersonii,Hyla,present,Hylidae,generalist,,generalist
Hylarana_galamensis,Hylarana,present,Ranidae,,generalist,generalist
Hylodes_asper,Hylodes,present,Hylodidae,generalist,,generalist
Hylorina_sylvatica,Hylorina,present,Batrachylidae,generalist,,generalist
Hyloxalus_fuliginosus,Hyloxalus,present,Dendrobatidae,,generalist,generalist
Hymenochirus_boettgeri,Hymenochirus,absent,Pipidae,generalist,,generalist
Hyperolius_angolensis,Hyperolius,present,Hyperoliidae,,generalist,generalist
Hypopachus_barberi,Hypopachus,absent,Microhylidae,,microphagous,microphagous
Hypsiboas_boans,Hypsiboas,present,Hylidae,generalist,,generalist
Incilius_epioticus,Incilius,absent,Bufonidae,,generalist,generalist
Hylarana_milleti,Indosylvirana,present,Ranidae,generalist,,generalist
Ischnocnema_gualteri,Ischnocnema,present,Brachycephalidae,,generalist,generalist
Itapotihyla_langsdorffii,Itapotihyla,present,Hylidae,generalist,,generalist
Kalophrynus_pleurostigma,Kalophrynus,absent,Microhylidae,,microphagous,microphagous
Kaloula_kalingensis,Kaloula,absent,Microhylidae,,microphagous,microphagous
Kassina_senegalensis,Kassina,present,Hyperoliidae,generalist,,generalist
Kurixalus_odontotarsus,Kurixalus,present,Rhacophoridae,,generalist,generalist
Laliostoma_labrosum,Laliostoma,present,Mantellidae,generalist,,generalist
Lankanectes_corrugatus,Lankanectes,present,Nyctibatrachidae,generalist,,generalist
Leiopelma_hamiltoni,Leiopelma,present,Leiopelmatidae,,generalist,generalist
Lepidobatrachus_asper,Lepidobatrachus,present,Ceratophryidae,generalist,,generalist
Leptobrachella_mjobergi,Leptobrachella,present,Megophryidae,generalist,,generalist
Leptobrachium_hasseltii,Leptobrachium,present,Megophryidae,,generalist,generalist
Leptodactylodon_ovatus,Leptodactylodon,present,Arthroleptidae,,generalist,generalist
Leptodactylus_pentadactylus,Leptodactylus,present,Leptodactylidae,generalist,,generalist
Leptolalax_pelodytoides,Leptolalax,present,Megophryidae,,generalist,generalist
Leptopelis_notatus,Leptopelis,present,Arthroleptidae,,generalist,generalist
Colostethus_fugax,Leucostethus,present,Dendrobatidae,,generalist,generalist
Limnomedusa_macroglossa,Limnomedusa,present,Alsodidae,generalist,,generalist
Limnonectes_kuhlii,Limnonectes,present,Dicroglossidae,generalist,,generalist
Rana_clamitans,Lithobates,present,Ranidae,generalist,,generalist
Lithodytes_lineatus,Lithodytes,present,Leptodactylidae,generalist,,generalist
Litoria_multicolor,Litoria,present,Pelodryadidae,,generalist,generalist
Lysapsus_laevis,Lysapsus,present,Hylidae,generalist,,generalist
Mannophryne_trinitatis,Mannophryne,present,Dendrobatidae,generalist,,generalist
Mantella_baroni,Mantella,absent,Mantellidae,microphagous,,microphagous
Megaelosia_goeldii,Megaelosia,present,Hylodidae,generalist,,generalist
Xenophrys_major,Megophrys,present,Megophryidae,generalist,,generalist
Melanophryniscus_stelzneri,Melanophryniscus,absent,Bufonidae,microphagous,,microphagous
Meristogenys_jerboa,Meristogenys,present,Ranidae,,generalist,generalist
Mertensophryne_micranotis,Mertensophryne,absent,Bufonidae,,microphagous,microphagous
Microhyla_achatina,Microhyla,absent,Microhylidae,,microphagous,microphagous
Micryletta_inornata,Micryletta,absent,Microhylidae,,microphagous,microphagous
Mixophyes_fasciolatus,Mixophyes,present,Myobatrachidae,generalist,,generalist
Myersiella_microps,Myersiella,absent,Microhylidae,microphagous,,microphagous
Myobatrachus_gouldii,Myobatrachus,absent,Myobatrachidae,microphagous,,microphagous
Nanorana_pleskei,Nanorana,present,Dicroglossidae,,generalist,generalist
Nasikabatrachus_sahyadrensis,Nasikabatrachus,absent,Nasikabatrachidae,microphagous,,microphagous
Nectophryne_afra,Nectophryne,absent,Bufonidae,microphagous,,microphagous
Nectophrynoides_viviparus,Nectophrynoides,absent,Bufonidae,generalist,,generalist
Babina_adenopleura,Nidirana,present,Ranidae,,generalist,generalist
Notaden_bennettii,Notaden,absent,Myobatrachidae,microphagous,,microphagous
Nyctibates_corrugatus,Nyctibates,present,Arthroleptidae,,generalist,generalist
Nyctibatrachus_aliciae,Nyctibatrachus,present,Nyctibatrachidae,,generalist,generalist
Nyctimantis_rugiceps,Nyctimantis,present,Hylidae,generalist,,generalist
Nyctimystes_daymani,Nyctimystes,present,Hylidae,,generalist,generalist
Nyctixalus_spinosus,Nyctixalus,present,Rhacophoridae,microphagous,,microphagous
Occidozyga_laevis,Occidozyga,present,Dicroglossidae,generalist,,generalist
Odontophrynus_americanus,Odontophrynus,present,Odontophrynidae,generalist,,generalist
Odorrana_livida,Odorrana,present,Ranidae,,generalist,generalist
Oophaga_pumilio,Oophaga,absent,Dendrobatidae,microphagous,,microphagous
Oreobates_quixensis,Oreobates,present,Strabomantidae,generalist,,generalist
Oreolalax_pingii,Oreolalax,present,Megophryidae,,generalist,generalist
Osornophryne_bufoniformis,Osornophryne,absent,Bufonidae,,generalist,generalist
Osteocephalus_taurinus,Osteocephalus,present,Hylidae,generalist,,generalist
Osteopilus_septentrionalis,Osteopilus,present,Hylidae,generalist,,generalist
Paedophryne_amauensis,Paedophryne,absent,Microhylidae,,microphagous,microphagous
Hylarana_arfaki,Papurana,present,Ranidae,generalist,,generalist
Paracassina_obscura,Paracassina,present,Hyperoliidae,generalist,,generalist
Pedostibes_tuberculosus,Pedostibes,absent,Bufonidae,,microphagous,microphagous
Pelobates_fuscus,Pelobates,present,Pelobatidae,generalist,,generalist
Pelophylax_ridibundus,Pelophylax,present,Ranidae,,generalist,generalist
Peltophryne_guentheri,Peltophryne,absent,Bufonidae,generalist,,generalist
Philoria_frosti,Philoria,present,Myobatrachidae,generalist,,generalist
Phlyctimantis_leonardi,Phlyctimantis,present,Hyperoliidae,,generalist,generalist
Phrynobatrachus_krefftii,Phrynobatrachus,present,Phrynobatrachidae,generalist,,generalist
Phrynoidis_aspera,Phrynoidis,absent,Bufonidae,microphagous,,microphagous
Phrynomantis_annectens,Phrynomantis,absent,Microhylidae,,microphagous,microphagous
Phyllobates_bicolor,Phyllobates,present,Dendrobatidae,,microphagous,microphagous
Phyllodytes_luteolus,Phyllodytes,present,Hylidae,microphagous,,microphagous
Phyllomedusa_bicolor,Phyllomedusa,present,Phyllomedusidae,,generalist,generalist
Eupemphix_nattereri,Physalaemus,absent,Leptodactylidae,microphagous,,microphagous
Physalaemus_gracilis,Physalaemus,present,Leptodactylidae,generalist,,generalist
Pipa_carvalhoi,Pipa,present,Pipidae,generalist,,generalist
Pipa_parva,Pipa,absent,Pipidae,generalist,,generalist
Phyllomedusa_azurea,Pithecopus,present,Phyllomedusidae,,generalist,generalist
Platyplectrum_spenceri,Platyplectrum,present,Myobatrachidae,microphagous,,microphagous
Rhombophryne_alluaudi,Plethodontohyla,present,Microhylidae,,generalist,generalist
Pleurodema_nebulosum,Pleurodema,present,Leptodactylidae,generalist,,generalist
Polypedates_macrotis,Polypedates,present,Rhacophoridae,,generalist,generalist
Pristimantis_vinhai,Pristimantis,present,Craugastoridae,,generalist,generalist
Probreviceps_macrodactylus,Probreviceps,absent,Brevicipitidae,,generalist,generalist
Proceratophrys_boiei,Proceratophrys,present,Odontophrynidae,generalist,,generalist
Pseudacris_ornata,Pseudacris,present,Hylidae,generalist,,generalist
Pseudis_paradoxa,Pseudis,present,Hylidae,generalist,,generalist
Pseudopaludicola_falcipes,Pseudopaludicola,present,Leptodactylidae,generalist,,generalist
Pseudophryne_bibronii,Pseudophryne,absent,Myobatrachidae,microphagous,,microphagous
Ptychadena_upembae,Ptychadena,present,Ptychadenidae,,generalist,generalist
Ptychohyla_spinipollex,Ptychohyla,present,Hylidae,,generalist,generalist
Hylarana_grandocula,Pulchrana,present,Ranidae,,generalist,generalist
Pyxicephalus_adspersus,Pyxicephalus,present,Pyxicephalidae,generalist,,generalist
Rana_capito,Rana,present,Ranidae,generalist,,generalist
Ranitomeya_reticulata,Ranitomeya,absent,Dendrobatidae,,microphagous,microphagous
Litoria_aurea,Ranoidea,present,Pelodryadidae,generalist,,generalist
Raorchestes_bombayensis,Raorchestes,present,Rhacophoridae,,generalist,generalist
Rhaebo_blombergi,Rhaebo,absent,Bufonidae,,microphagous,microphagous
Rheobates_palmatus,Rheobates,present,Aromobatidae,microphagous,,microphagous
Rheobatrachus_silus,Rheobatrachus,present,Myobatrachidae,,generalist,generalist
Ecnomiohyla_miotympanum,Rheohyla,present,Hylidae,generalist,,generalist
Rhinella_marina,Rhinella,absent,Bufonidae,generalist,,generalist
Rhinoderma_darwinii,Rhinoderma,absent,Rhinodermatidae,generalist,,generalist
Rhinophrynus_dorsalis,Rhinophrynus,absent,Rhinophrynidae,microphagous,,microphagous
Rhombophryne_testudo,Rhombophryne,present,Microhylidae,,generalist,generalist
Rulyrana_spiculata,Rulyrana,present,Centrolenidae,,generalist,generalist
Scaphiopus_holbrookii,Scaphiopus,present,Scaphiopodidae,generalist,,generalist
Scarthyla_goinorum,Scarthyla,present,Hylidae,,generalist,generalist
Scinax_staufferi,Scinax,present,Hylidae,generalist,,generalist
Amietophrynus_gutturalis,Sclerophrys,absent,Bufonidae,,generalist,generalist
Scotobleps_gabonicus,Scotobleps,present,Arthroleptidae,,generalist,generalist
Scutiger_boulengeri,Scutiger,present,Megophryidae,generalist,,generalist
Sechellophryne_gardineri,Sechellophryne,present,Sooglossidae,microphagous,,microphagous
Silverstoneia_nubicola,Silverstoneia,present,Dendrobatidae,generalist,,generalist
Smilisca_fodiens,Smilisca,present,Hylidae,generalist,,generalist
Spea_multiplicata,Spea,present,Scaphiopodidae,generalist,,generalist
Spelaeophryne_methneri,Spelaeophryne,absent,Brevicipitidae,microphagous,,microphagous
Sphaenorhynchus_lacteus,Sphaenorhynchus,present,Hylidae,microphagous,,microphagous
Sphaerotheca_breviceps,Sphaerotheca,present,Dicroglossidae,generalist,,generalist
Staurois_natator,Staurois,present,Ranidae,,generalist,generalist
Stereocyclops_incrassatus,Stereocyclops,absent,Microhylidae,generalist,,generalist
Strabomantis_anomalus,Strabomantis,present,Strabomantidae,,generalist,generalist
Strauchbufo_raddei,Strauchbufo,absent,Bufonidae,generalist,,generalist
Strongylopus_grayii,Strongylopus,present,Pyxicephalidae,,generalist,generalist
Stumpffia_pygmaea,Stumpffia,absent,Microhylidae,,generalist,generalist
Synapturanus_mirandaribeiroi,Synapturanus,absent,Microhylidae,microphagous,,microphagous
Tachycnemis_seychellensis,Tachycnemis,present,Hyperoliidae,generalist,,generalist
Telmatobius_carrillae,Telmatobius,absent,Telmatobiidae,generalist,,generalist
Telmatobius_thompsoni,Telmatobius,present,Telmatobiidae,,generalist,generalist
Telmatobufo_venustus,Telmatobufo,present,Calyptocephalellidae,generalist,,generalist
Teratohyla_spinosa,Teratohyla,present,Centrolenidae,,generalist,generalist
Thoropa_miliaris,Thoropa,present,Cycloramphidae,generalist,,generalist
Tomopterna_delalandii,Tomopterna,present,Pyxicephalidae,,generalist,generalist
Trachycephalus_jordani,Trachycephalus,present,Hylidae,,generalist,generalist
Trichobatrachus_robustus,Trichobatrachus,present,Arthroleptidae,generalist,,generalist
Triprion_petasatus,Triprion,present,Hylidae,,generalist,generalist
Ramanella_montana,Uperodon,absent,Microhylidae,,microphagous,microphagous
Uperodon_systoma,Uperodon,present,Microhylidae,microphagous,,microphagous
Uperoleia_mahonyi,Uperoleia,present,Myobatrachidae,,microphagous,microphagous
Uperoleia_rugosa,Uperoleia,absent,Myobatrachidae,,microphagous,microphagous
Vandijkophrynus_gariepensis,Vandijkophrynus,absent,Bufonidae,,generalist,generalist
Xenohyla_truncata,Xenohyla,present,Hylidae,generalist,,generalist
Xenopus_clivii,Xenopus,present,Pipidae,,generalist,generalist
Xenorhina_mehelyi,Xenorhina,absent,Microhylidae,,generalist,generalist
Zachaenus_parvulus,Zachaenus,present,Cycloramphidae,generalist,,generalist