﻿Species,Genus,Species_scored,Catalog#_reformatted,Dentition
Acanthixalus_spinosus,Acanthixalus,Acanthixalus_spinosus,cas:herp:153800,present
Acris_crepitans,Acris,Acris_crepitans,uf:herp:67444,present
Adelastes_hylonomos,Adelastes,Adelastes hylonomos,amnh:herpetology:a-12369,absent
Adelophryne_gutturosa,Adelophryne,Adelophryne_gutturosa,usnm:amphibians & reptiles:549315,present
Adelotus_brevis,Adelotus,Adelotus_brevis,cas:herp:82351,present
Adelphobates_quinquevittatus,Adelphobates,Adelphobates_quinquevittatus,ummz:herps:177942,absent
Adenomera_andreae,Adenomera,Adenomera_andreae,uf:herp:43260,present
Adenomus_kelaartii,Adenomus,Adenomus_kelaartii,fmnh:amphibiansandreptiles:1580,absent
Afrixalus_orophilus,Afrixalus,Afrixalus_orophilus,uf:herp:38612,present
Agalychnis_callidryas,Agalychnis,Agalychnis_callidryas,cas:herp:146957,present
Agalychnis_lemur,Hylomantis,Hylomantis lemur,mvz:amphibian and reptile specimens:mvz:herp:210463,present
Aglyptodactylus_madagascariensis,Aglyptodactylus,Aglyptodactylus_madagascariensis,cas:herp:250204,present
Albericus_darlingtoni,Choerophryne,Choerophryne_darlingtoni,amnh:herpetology:a-112842,absent
Albericus_variegatus,Albericus,Albericus_variegatus,amnh:herpetology:a-66572,absent
Alexteroon_obstetricans,Alexteroon,Alexteroon_obstetricans,usnm:amphibians & reptiles:580563,present
Allobates_femoralis,Allobates,Allobates_femoralis,ku:kuh:215180,present
Allopaa_hazarensis,Allopaa,Allopaa_hazarensis,uf:herp:82421,present
Allophryne_ruthveni,Allophryne,Allophryne_ruthveni,ku:kuh:166716,absent
Alsodes_nodosus,Alsodes,Alsodes_nodosus,cm:herps:68395,present
Altiphrynoides_malcolmi,Altiphrynoides,Altiphrynoides_malcolmi,cas:herp:162120,absent
Altiphrynoides_osgoodi,Spinophrynoides,Spinophrynoides_osgoodi,cas:herp:162117,absent
Alytes_obstetricans,Alytes,Alytes_obstetricans,cas:sua:21691,present
Amazophrynella_bokermanni,Amazophrynella,Amazophrynella_bokermanni,usnm:amphibians & reptiles:340079,absent
Ameerega_trivittata,Ameerega,Ameerega_trivittata,uf:herp:107200,absent
Amietia_amieti,Amietia,Ametia_sp,cas:herp:250650,present
Amietophrynus_gutturalis,Sclerophrys,Sclerophrys_sp,uf:herp:187171,absent
Amietophrynus_mauritanicus,Amietophrynus,Amietophrynus_sp,AMB10009,absent
Amolops_compotrix,Amolops,Amolops_compotrix,ncsm:ncsm-herp:76356,present
Amphiuma_means,Amphiuma,Amphiuma_means,uf:herp:2760,present
Anaxyrus_fowleri,Anaxyrus,Anaxyrus_fowleri,uf:herp:3997.2,absent
Andinobates_minutus,Andinobates,Andinobates_minutus,ummz:herps:167655,absent
Andrias_japonicus,Andrias,Andrias_japonicus ,fmnh:amphibians and reptiles:31536,present
Aneides_lugubris,Aneides,Aneides_lugubris,mvz:amphibianandreptilespecimens:mvz:herp:249828,present
Anhydrophryne_rattrayi,Anhydrophryne,Anhydrophryne_rattrayi,cas:herp:156428,present
Anodonthyla_boulengerii,Anodonthyla,Anodonthyla_boulengerii,cas:herp:250450,present
Anomaloglossus_atopoglossus,Ectopoglossus,Ectopoglossus_atopoglossus,ku:kuh:289251,present
Anomaloglossus_beebei,Anomaloglossus,Anomaloglossus_beebei,ku:kuh:69708,present
Anotheca_spinosa,Anotheca,Anotheca_spinosa,uf:herp:137287,present
Ansonia_mcgregori,Ansonia,Ansonia_mcgregori,ku:kuh:334742,absent
Aparasphenodon_brunoi,Aparasphenodon,Aparasphenodon_brunoi,ku:kuh:71787,present
Aphantophryne_pansa,Aphantophryne,Aphantophryne_pansa,amnh:herpetology:a-58120,absent
Aplastodiscus_perviridis,Aplastodiscus,Aplastodiscus_perviridis,ku:kuh:92722,present
Arcovomer_passarellii,Arcovomer,Arcovomer_passarellii,amnh:herpetology:a-79861,absent
Arenophryne_rotunda,Arenophryne,Arenophryne_rotunda ,amnh:herpetology:a-106749,absent
Argenteohyla_siemersi,Argenteohyla,Argenteohyla_siemersi,ku:kuh:116935,present
Aromobates_mayorgai,Aromobates,Aromobates_mayorgai ,ku:kuh:132932,present
Arthroleptella_lightfooti,Arthroleptella,Arthroleptella_lightfooti,cas:herp:157023,present
Arthroleptides_martiensseni,Arthroleptides,Arthroleptides_martiensseni,cas:herp:168627,present
Arthroleptis_bivittatus,Arthroleptis,Arthroleptis_bivittatus,cas:herp:207285,present
Arthroleptis_schubotzi,Arthroleptis,Arthroleptis_schubotzi,cas:herp:201762,absent
Ascaphus_montanus,Ascaphus,Ascaphus_montanus,ku:kuh:31372,present
Assa_darlingtoni,Assa,Assa_darlingtoni,fmnh:amphibians and reptiles:228333,present
Asterophrys_turpicola,Asterophrys,Asterophrys_turpicola,amnh:herpetology:a-78098,absent
Astylosternus_diadematus,Astylosternus,Astylosternus_diadematus,cas:herp:254126,present
Atelognathus_patagonicus,Atelognathus,Atelognathus_patagonicus,cas:herp:141967,present
Atelopus_ignescens,Atelopus,Atelopus_ignescens,uf:herp:39140,absent
Atopophrynus_syntomopus,Atopophrynus,Atopophrynus syntomopus,amnh:herpetology:a-122260,absent
Atretochoana_eiselti,Atretochoana,Atretochoana_eiselti,uf:herp:185560,present
Aubria_masako,Aubria,Aubria_masako,mcz:herp:a-135999,present
Austrochaperina_robusta,Austrochaperina,Austrochaperina_robusta,amnh:herpetology:a-111401,absent
Babina_adenopleura,Nidirana,Nidirana_adenopleura,ummz:herps:199195,present
Babina_subaspera,Babina,Babina subaspera,uf:herp:64239,present
Balebreviceps_hillmani,Balebreviceps,Balebreviceps_hillmani,cas:herp:167436,absent
Barbarophryne_brongersmai,Barbarophryne,Barbarophryne_brongersmai,mvz:amphibianandreptilespecimens:mvz:herp:241541,absent
Barbourula_busuangensis,Barbourula,Barbourula_busuangensis,uf:herp:70546,present
Barycholos_pulcher,Barycholos,Barycholos_pulcher,uf:herp:68063,present
Barygenys_exsul,Barygenys,Barygenys_exsul ,amnh:herpetology:a-60059,absent
Batrachoseps_attenuatus,Batrachoseps,Batrachoseps_attenuatus,mvz:amphibianandreptilespecimens:mvz:herp:251552,present
Batrachuperus_pinchonii,Batrachuperus,Batrachuperus_pinchonii ,mvz:amphibianandreptilespecimens:mvz:herp:234909,present
Batrachyla_taeniata,Batrachyla,Batrachyla_taeniata,cas:herp:85253,present
Blommersia_blommersae,Blommersia,Blommersia_blommersae,ku:kuh:340765,present
Boehmantis_microtympanum,Boehmantis,Mantidactylus_microtympanum,ummz:herps:214595,present
Bokermannohyla_circumdata,Bokermannohyla,Bokermannohyla_circumdata,ku:kuh:91987,present
Bolitoglossa_mexicana,Bolitoglossa,Bolitoglossa_mexicana,uf:herp:157360,present
Bombina_maxima,Bombina,Bombina_maxima,uf:herp:96648,present
Boophis_boehmei,Boophis,Boophis_boehmei,cas:herp:250237,present
Boulengerula_boulengeri,Boulengerula,Boulengerula_boulengeri,fmnh:amphibiansandreptiles:251369,present
Brachycephalus_ephippium,Brachycephalus,Brachycephalus_ephippium,uf:herp:72725,absent
Brachytarsophrys_carinense,Brachytarsophrys,Brachytarsophrys_carinense,uf:herp:63888,present
Bradytriton_silus,Bradytriton,Bradytriton_silus,mvz:amphibianandreptilespecimens:mvz:herp:265367,present
Brasilotyphlus_braziliensis,Brasilotyphlus,Brasilotyphlus_braziliensis,NOT SCANNED,present
Breviceps_gibbosus,Breviceps,Breviceps_gibbosus,amnh:herpetology:a-3053,absent
Bromeliohyla_bromeliacia,Bromeliohyla,Bromeliohyla_bromeliacia,mvz:amphibianandreptilespecimens:mvz:herp:-H-265651,present
Bryophryne_cophites,Bryophryne,Bryophryne_cophites,ku:kuh:173293,present
Buergeria_japonica,Buergeria,Buergeria_japonica,cas:herp:211461,present
Bufo_gargarizans,Bufo,Bufo_gargarizans,usnm:amphibians & reptiles:248419,absent
Bufotes_latastii,Bufotes,Bufotes_latastii,uf:herp:81385,absent
Cacosternum_boettgeri,Cacosternum,Cacosternum_boettgeri,cas:herp:125890,present
Cacosternum_namaquense,Cacosternum,Cacosternum_namaquense,cas:herp:156975,absent
Caecilia_tentaculata,Caecilia,Caecilia_tentaculata,ku:kuh:175441,present
Callixalus_pictus,Callixalus,Callixalus_pictus,uf:herp:27887,present
Callulina_kisiwamsitu,Callulina,Callulina_kisiwamsitu,cas:herp:168818,absent
Callulops_stictogaster,Callulops,Callulops_stictogaster ,amnh:herpetology:a-74890,absent
Calotriton_asper,Calotriton,Calotriton punctulatus,NOT SCANNED,present
Calyptocephalella_gayi,Calyptocephalella,Calyptocephalella_gayi,cas:herp:10082,present
Capensibufo_rosei,Capensibufo,Capensibufo_sp,cas:herp:156600,absent
Cardioglossa_cyaneospila,Cardioglossa,Cardioglossa_cyaneospila,cas:herp:250950,absent
Celsiella_revocata,Celsiella,Celsiella_revocata,T628,present
Centrolene_buckleyi,Centrolene,Centrolene_buckleyi,uf:herp:30578,present
Ceratobatrachus_guentheri,Cornufer,Cornufer_guentheri,uf:herp:80585,present
Ceratophrys_aurita,Ceratophrys,Ceratophrys_aurita,cas:herp:84998,present
Ceuthomantis_smaragdinus,Ceuthomantis,Ceuthomantis_smaragdinus,ku:kuh:315000,present
Chacophrys_pierottii,Chacophrys,Chacophrys_pierottii,ku:kuh:191932,present
Chaperina_fusca,Chaperina,Chaperina_fusca,uf:herp:68372,absent
Charadrahyla_nephila,Charadrahyla,Charadrahyla_nephila,ku:kuh:100899,present
Chiasmocleis_crucis,Chiasmocleis,Chiasmocleis_crucis,uf:herp:9034,absent
Chimerella_mariaelenae,Chimerella,Chimerella_sp,CORBIDI:H:10475,present
Chioglossa_lusitanica,Chioglossa,Chioglossa_lusitanica,mvz:amphibianandreptilespecimens:mvz:herp:71635,present
Chiromantis_rufescens,Chiromantis,Chiromantis_rufescens,cas:herp:253330,present
Chiropterotriton_multidentatus,Chiropterotriton,Chiropterotriton_multidentatus,mvz:amphibianandreptilespecimens:mvz:herp:163907,present
Chrysobatrachus_cupreonitens,Chrysobatrachus,Chrysobatrachus_cupreonitens,uf:herp:27884,present
Chrysopaa_sternosignata,Chrysopaa,Chrysopaa_sternosignata,uf:herp:85720,present
Chthonerpeton_indistinctum,Chthonerpeton,Chthonerpeton_indistinctum ,cas:herp:85521,present
Cochranella_granulosa,Cochranella,Cochranella_granulosa,uf:herp:137267,present
Colostethus_fugax,Leucostethus,Leucostethus_sp,CJ:8311,present
Colostethus_panamansis,Colostethus,Colostethus_panamansis,uf:herp:106871,present
Conraua_goliath,Conraua,Conraua_goliath,uf:herp:64720,present
Cophixalus_cryptotympanum,Cophixalus,Cophixalus_cryptotympanum,mcz:herp:a-136648,absent
Cophyla_phyllodactyla,Cophyla,Cophyla_phyllodactyla,ummz:herps:219339,present
Copiula_oxyrhina,Copiula,Copiula_oxyrhina,amnh:herpetology:a-60046,absent
Corythomantis_greeningi,Corythomantis,Corythomantis_greeningi,ku:kuh:92220,present
Craugastor_laticeps,Craugastor,Craugastor_laticeps,uf:herp:157233,present
Crinia_insignifera,Crinia,Crinia_insignifera,cas:herp:100927,present
Crossodactylodes_izecksohni,Crossodactylodes,Crossodactylodes_sp,cas:sua:11774,present
Crossodactylus_gaudichaudii,Crossodactylus,Crossodactylus_gaudichaudii,usnm:amphibians & reptiles:81155,present
Crotaphatrema_bornmuelleri,Herpele,Herpele_bornmuelleri,mcz:herp:a-A-2761,present
Crotaphatrema_lamottei,Crotaphatrema,Crotaphatrema_lamottei,ummz:herps:174495,present
Cruziohyla_calcarifer,Cruziohyla,Cruziohyla_calcarifer,uf:herp:137291,present
Cryptobatrachus_boulengeri,Cryptobatrachus,Cryptobatrachus_boulengeri,usnm:amphibians & reptiles:92599,present
Cryptothylax_greshoffii,Cryptothylax,Cryptothylax_greshoffii,cas:herp:258216,present
Cryptotriton_nasalis,Cryptotriton,Cryptotriton_nasalis,mvz:amphibianandreptilespecimens:mvz:herp:263836,present
Ctenophryne_geayi,Ctenophryne,Ctenophryne_geayi,amnh:herpetology:a-166441,absent
Cycloramphus_asper,Cycloramphus,Cycloramphus_asper,cm:herps:68338,present
Cynops_pyrrhogaster,Cynops,Cynops_pyrrhogaster,uf:herp:92871,present
Dasypops_schirchi,Dasypops,Dasypops_schirchi,amnh:herpetology:a-69926,absent
Dendrobates_tinctorius,Dendrobates,Dendrobates_tinctorius,ypm:vz:ypm hera 010610,absent
Dendrophryniscus_brevipollicatus,Dendrophryniscus,Dendrophryniscus_brevipollicatus,ku:kuh:93172,absent
Dendropsophus_leucophyllatus,Dendropsophus,Dendropsophus_leucophyllatus,mvz:amphibian and reptile specimens:mvz:herp:247539,present
Dendrotriton_bromeliacius,Dendrotriton,Dendrotriton_bromeliacius,mvz:amphibianandreptilespecimens:mvz:herp:263580,present
Dermatonotus_muelleri,Dermatonotus,Dermatonotus_muelleri,amnh:herpetology:a-190695,absent
Dermophis_mexicanus,Dermophis,Dermophis_mexicanus,cas:herp:144523,present
Desmognathus_auriculatus,Desmognathus,Desmognathus_auriculatus,uf:herp:156936,present
Diasporus_diastema,Diasporus,Diasporus_diastema,uf:herp:156143,present
Dicamptodon_ensatus,Dicamptodon,Dicamptodon_ensatus,cas:sua:3471,present
Didynamipus_sjostedti,Didynamipus,Didynamipus_sjostedti,cas:herp:162676,absent
Dischidodactylus_duidensis,Dischidodactylus,Dischidodactylus duidensis,amnh:herpetology:a-23192,present
Discoglossus_pictus,Discoglossus,Discoglossus_pictus,ku:kuh:144217,present
Duellmanohyla_soralia,Duellmanohyla,Duellmanohyla_soralia,mvz:amphibianandreptilespecimens:mvz:herp:269958,present
Duttaphrynus_dodsoni,Duttaphrynus,Duttaphrynus_dodsoni,cas:herp:227515,absent
Dyscophus_antongilii,Dyscophus,Dyscophus_antongilii,mcz:herp:a-11792,present
Echinotriton_andersoni,Echinotriton,Echinotriton_andersoni,ummz:herps:174420,present
Ecnomiohyla_minera,Ecnomiohyla,Ecnomiohyla_minera,mvz:amphibianandreptilespecimens:mvz:herp:-130790,present
Ecnomiohyla_miotympanum,Rheohyla,Rheohyla_miotympanum,ummz:herps:124847,present
Edalorhina_perezi,Edalorhina,Edalorhina_perezi,cas:sua:11446,present
Elachistocleis_bicolor,Elachistocleis,Elachistocleis_bicolor,amnh:herpetology:a-19891,absent
Eleutherodactylus_orientalis,Eleutherodactylus,Eleutherodactylus_orientalis, uf:herp:167747,present
Engystomops_pustulatus,Engystomops,Engystomops_pustulatus,uf:herp:98144,present
Engystomops_pustulosus,Engystomops,Engystomops_pustulosus,cas:sua:21892,absent
Ensatina_eschscholtzii,Ensatina,Ensatina_eschscholtzii,mvz:amphibianandreptilespecimens:mvz:herp:202330,present
Epicrionops_bicolor,Epicrionops,Epicrionops_bicolor,lsumz:herps:27295,present
Epidalea_calamita,Epidalea,Epidalea_calamita,mvz:amphibianandreptilespecimens:mvz:herp:148877,absent
Epipedobates_tricolor,Epipedobates,Metacrinia,ku:kuh:219763,present
Espadarana_prosoblepon,Espadarana,Espadarana_prosoblepon,ku:kuh:164632,present
Euparkerella_brasiliensis,Euparkerella,Euparkerella_brasiliensis ,fmnh:amphibiansandreptiles:170010,present
Eupemphix_nattereri,Physalaemus,Physalaemus_nattereri,mcz:herp:a-30113,absent
Euphlyctis_cyanophlyctis,Euphlyctis,Euphlyctis_cyanophlyctis,cas:herp:243588,present
Euproctus_platycephalus,Euproctus,Euproctus_platycephalus ,mvz:amphibianandreptilespecimens:mvz:herp:129572,present
Eupsophus_roseus,Eupsophus,Eupsophus_roseus,cm:herps:63926,present
Eurycea_bislineata,Eurycea,Eurycea_sp,ncsm:ncsm-herp:24613,present
Exerodonta_catracha,Exerodonta,Exerodonta_catracha,uf:herp:142360,present
Feihyla_palpebralis,Feihyla,Feihyla_palpebralis,ncsm:ncsm-herp:80341,present
Fejervarya_limnocharis,Fejervarya,Fejervarya_limnocharis,cas:herp:23509,present
Flectonotus_fitzgeraldi,Flectonotus,Flectonotus_fitzgeraldi ,ku:kuh:181983,present
Fritziana_fissilis,Fritziana,Fritziana_fissilis ,ku:kuh:187470,present
Frostius_pernambucensis,Frostius,Frostius_pernambucensis,usnm:amphibians & reptiles:565102,absent
Gastrophryne_carolinensis,Gastrophryne,Gastrophryne_carolinensis,uf:herp:110645,absent
Gastrophrynoides_borneensis,Gastrophrynoides,Gastrophrynoides_borneensis,fmnh:amphibiansandreptiles:146185,absent
Gastrotheca_cornuta,Gastrotheca,Gastrotheca_cornuta,uf:herp:71755,present
Gastrotheca_guentheri,Gastrotheca,Gastrotheca_guentheri,ku:kuh:164226,present
Gegeneophis_ramaswamii,Gegeneophis,Gegeneophis_ramaswamii,uf:herp:69160,present
Geobatrachus_walkeri,Geobatrachus,Geobatrachus_walkeri,mcz:herp:a-10213,present
Geocrinia_laevis,Geocrinia,Geocrinia_laevis,ku:kuh:186932,present
Geotrypetes_seraphini,Geotrypetes,Geotrypetes_seraphini,ypm:vz:ypm hera 005830,present
Gephyromantis_malagasius,Gephyromantis,Gephyromantis_malagasius,ku:kuh:340736,present
Glandirana_minima,Glandirana,Glandirana_rugosa,uf:herp:22316,present
Glyphoglossus_molossus,Glyphoglossus,Glyphoglossus_molossus,cas:herp:243121,absent
Gracixalus_gracilipes,Gracixalus,Gracixalus_gracilipes,ku:kuh:311718,present
Grandisonia_alternans,Grandisonia,Grandisonia_alternans,cas:herp:157086,present
Guibemantis_depressiceps,Guibemantis,Guibemantis_depressiceps,cas:herp:251213,present
Gymnopis_multiplicata,Gymnopis,Gymnopis_multiplicata,uf:herp:31694,present
Gyrinophilus_porphyriticus,Gyrinophilus,Gyrinophilus_porphyriticus,uf:herp:149219,present
Haddadus_binotatus,Haddadus,Haddadus_binotatus,usnm:amphibians & reptiles:303295,present
Hadromophryne_natalensis,Hadromophryne,Hadromophryne_natalensis,cas:herp:156289,present
Hamptophryne_boliviana,Hamptophryne,Hamptophryne_boliviana,amnh:herpetology:a-115764,absent
Heleioporus_eyrei,Heleioporus,Heleioporus_eyrei,mcz:herp:a-139552,present
Heleophryne_purcelli,Heleophryne,Heleophryne_purcelli,cas:herp:157090,present
Hemidactylium_scutatum,Hemidactylium,Hemidactylium_scutatum,ypm:vz:ypm hera 009750,present
Hemiphractus_proboscideus,Hemiphractus,Hemiphractus_proboscideus,uf:herp:43204,present
Hemisus_guineensis,Hemisus,Hemisus_guineensis,cas:herp:258533,absent
Heterixalus_rutenbergi,Heterixalus,Heterixalus_sp,cas:herp:250262,present
Hildebrandtia_ornata,Hildebrandtia,Hildebrandtia_ornata,cas:herp:154657,present
Holoaden_luederwaldti,Holoaden,Holoaden_luederwaldti,mcz:herp:a-100139,present
Hoplobatrachus_tigerinus,Hoplobatrachus,Hoplobatrachus_tigerinus,ummz:herps:240539,present
Hoplophryne_rogersi,Hoplophryne,Hoplophryne_rogersi,cas:herp:168679,absent
Huia_cavitympanum,Huia,Huia_cavitympanum,fmnh:amphibiansandreptiles:219902,present
Hyalinobatrachium_fleischmanni,Hyalinobatrachium,Hyalinobatrachium_fleishmanni,uf:herp:140640,present
Hydrolaetare_schmidti,Hydrolaetare,Hydrolaetare_schmidti,ku:kuh:220904,present
Hydromantes_genei,Speleomantes,Hydromantes_wintu,mvz:amphibian and reptile specimens:mvz:herp:170682,present
Hydromantes_platycephalus,Hydromantes,Hydromantes_platycephalus,mvz:amphibianandreptilespecimens:mvz:herp:236798,present
Hyla_andersonii,Hyla,Hyla_andersonii,uf:herp:30274,present
Hyla_cinerea,Dryophytes,Hyla_cinerea,uf:herp:123473,present
Hylarana_albolabris,Amnirana,Amnirana_albolabris,cas:herp:258101,present
Hylarana_arfaki,Papurana,Papurana_arfaki,uf:herp:121106,present
Hylarana_chalconota,Chalcorana,Chalcorana_chalconota,ku:kuh:153957,present
Hylarana_crassiovis,Sumaterana,Sumaterana_crassiovis,fmnh:amphibians and reptiles:266751,present
Hylarana_galamensis,Hylarana,Hylarana_galamensis,cas:herp:214840,present
Hylarana_grandocula,Pulchrana,Pulchrana_grandocula,ku:kuh:326399,present
Hylarana_humeralis,Humerana,Humerana_humeralis,fmnh:amphibians and reptiles:97975,present
Hylarana_luctuosa,Abavorana,Abavorana_nazgul ,ku:kuh:335757,present
Hylarana_malabarica,Hydrophylax,Hydrophylax_malabarica,fmnh:amphibians and reptiles:134775,present
Hylarana_milleti,Indosylvirana,Indosylvirana_milleti ,fmnh:amphibiansandreptiles:253436,present
Hylarana_nigrovittata,Sylvirana,Sylvirana_nigrovittatus,ncsm:ncsm-herp:79411,present
Hylodes_asper,Hylodes,Hylodes_asper,cm:herps:45975,present
Hylophorbus_rufescens,Hylophorbus,Hylophorbus_rufescens,amnh:herpetology:a-59961,absent
Hylorina_sylvatica,Hylorina,Hylorina_sylvatica,cas:herp:141996,present
Hyloscirtus_bogotensis,Hyloscirtus,Hyloscirtus_bogotensis,uf:herp:107860,present
Hyloxalus_fuliginosus,Hyloxalus,Hyloxalus fuliginosus,ku:kuh:182106,present
Hymenochirus_boettgeri,Hymenochirus,Hymenochirus_boettgeri,cas:herp:253587,absent
Hynobius_nebulosus,Hynobius,Hynobius_nebulosus,ku:kuh:151824,present
Hyperolius_angolensis,Hyperolius,Hyperolius_angolensis,uf:herp:185635,present
Hypodactylus_araiodactylus,Hypodactylus,Hypodactylus_araiodactylus,uf:herp:40764,present
Hypogeophis_rostratus,Hypogeophis,Hypogeophis_rostratus,cas:herp:157063,present
Hypopachus_barberi,Hypopachus,Hypopachus_barberi ,MVZ149057,absent
Hypsiboas_boans,Hypsiboas,Hypsiboas_boans,uf:herp:73746,present
Hypsiboas_heilprini,Boana,Hypsiboas_heilprini,uf:herp:57613,present
Ichthyophis_laosensis,Ichthyophis,Ichthyophis_laosensis,ncsm:ncsm-herp:86611,present
Ichthyosaura_alpestris,Ichthyosaura,Ichthyosaura_alpestris ,uf:herp:13359,present
Idiocranium_russeli,Idiocranium,Idiocranium_russeli,mcz:herp:a-A-20946,present
Ikakogi_tayrona,Ikakogi,Ikakogi_tayrona,ku:kuh:169750,present
Incilius_epioticus,Incilius,Incilius_epiotica,ku:kuh:107403,absent
Indirana_diplosticta,Walkerana,Sallywalkerana_diplosticta,fmnh:amphibiansandreptiles:217983,present
Indirana_phrynoderma,Indirana,Indirana_phrynoderma,CES:F:648,present
Indotyphlus_battersbyi,Indotyphlus,Indotyphlus_battersbyi,ummz:herps:139823,present
Ingerana_alpina,Liurana,Liurana_alpina,KIZ:026713,present
Ingerana_mariae,Alcalus,Alcalus_maria ,ku:kuh:309521,present
Ingerana_tenasserimensis,Ingerana,Ingerana_tenasserimensis,usnm:amphibians & reptiles:586923,present
Ingerophrynus_biporcatus,Ingerophrynus,Ingerophrynus_biporcatus,uf:herp:29244,absent
Ischnocnema_gualteri,Ischnocnema,Ischnocnema_gualteri,usnm:amphibians & reptiles:96454,present
Isthmohyla_pseudopuma,Isthmohyla,Isthmohyla_pseudopuma,mcz:herp:a-A-29108,present
Itapotihyla_langsdorffii,Itapotihyla,Itapotihyla_langsdorffii,ku:kuh:146850,present
Ixalotriton_parvus,Ixalotriton,Ixalotriton_parvus ,mvz:amphibian and reptile specimens:mvz:herp:177824,present
Kalophrynus_pleurostigma,Kalophrynus,Kalophrynus_pleurostigma,cas:sua:22070,absent
Kaloula_kalingensis,Kaloula,Kaloula_kalingensis,ku:kuh:337714,absent
Kassina_senegalensis,Kassina,Kassina_senegalensis,uf:herp:28288,present
Kassinula_wittei,Kassinula,Kassinula_wittei,cas:herp:196702,present
Kurixalus_appendiculatus,Rhacophorus,Rhacophorus_appendiculatus,ku:kuh:322222,present
Kurixalus_odontotarsus,Kurixalus,Kurixalus_odontotarsus,ncsm:ncsm-herp:86708,present
Laliostoma_labrosum,Laliostoma,Laliostoma_labrosum,fmnh:amphibiansandreptiles:79801,present
Lankanectes_corrugatus,Lankanectes,Lankanectes_corrugatus,fmnh:amphibiansandreptiles:81229,present
Lanzarana_largeni,Lanzarana,Lanzarana_largeni,usnm:amphibians & reptiles:233868,present
Laotriton_laoensis,Laotriton,Laotriton_laoensis,ncsm:ncsm-herp:79785,present
Laurentophryne_parkeri,Laurentophryne,Laurentophryne_parkeri,RMCA:VERT:B.105045,absent
Lechriodus_melanopyga,Lechriodus,Lechriodus_melanopyga,uf:herp:121100,present
Leiopelma_hamiltoni,Leiopelma,Leiopelma_hamiltoni,cas:herp:53931,present
Lepidobatrachus_asper,Lepidobatrachus,Lepidobatrachus_asper,uf:herp:12347,present
Leptobrachella_mjobergi,Leptobrachella,Leptobrachella_mjobergi,fmnh:amphibiansandreptiles:273699,present
Leptobrachium_hasseltii,Leptobrachium,Leptobrachium_hasseltii,uf:herp:61841,present
Leptodactylodon_ovatus,Leptodactylodon,Leptodactylodon_ovatus,cas:herp:253933,present
Leptodactylus_pentadactylus,Leptodactylus,Leptodactylus_pentadactylus,uf:herp:103788,present
Leptolalax_pelodytoides,Leptolalax,Leptolalax_pelodytoides,fmnh:amphibiansandreptiles:263450,present
Leptopelis_notatus,Leptopelis,Leptopelis_notatus,cas:herp:253554,present
Leptophryne_borbonica,Leptophryne,Leptophryne_borbonica,ku:kuh:98135,absent
Limnodynastes_convexiusculus,Limnodynastes,Limnodynastes_convexiusculus, cas:herp:121263,present
Limnomedusa_macroglossa,Limnomedusa,Limnomedusa_macroglossa,cm:herps:55388,present
Limnonectes_kuhlii,Limnonectes,Limnonectes_kuhlii,tnhc:herpetology:59829,present
Lissotriton_helveticus,Lissotriton,Lissotriton_helveticus,uf:herp:38991,present
Lithodytes_lineatus,Lithodytes,Lithodytes_lineatus,MNHN1978.335,present
Litoria_aurea,Ranoidea,Ranoidea_aurea,uf:herp:109124,present
Litoria_multicolor,Litoria,Litoria_sp,uf:herp:109124,present
Liua_shihi,Liua,Liua_shihi,mvz:amphibianandreptilespecimens:mvz:herp:231146,present
Luetkenotyphlus_brasiliensis,Luetkenotyphlus,Luetkenotyphlus_brasiliensis,lsumz:herps:52743,present
Lyciasalamandra_luschani,Lyciasalamandra,Lyciasalamandra_luschani,mvz:amphibianandreptilespecimens:mvz:herp:230165,present
Lynchius_nebulanastes,Lynchius,Lynchius_nebulanastes,ku:kuh:181402,present
Lysapsus_laevis,Lysapsus,Lysapsus_laevis,cas:herp:257656,present
Macrogenioglottus_alipioi,Macrogenioglottis,Macrogenioglottus_alipioi,usnm:amphibians & reptiles:200455,present
Madecassophryne_truebae,Madecassophryne,Madecassophryne_truebae,ummz:herps:198831,absent
Mannophryne_trinitatis,Mannophryne,Mannophryne_trinitatis,cas:herp:231816,present
Mantella_baroni,Mantella,Mantella_baroni,cas:herp:250387,absent
Mantophryne_lateralis,Mantophryne,Mantophryne_lateralis,lsumz:herps:97987,absent
Megaelosia_goeldii,Megaelosia,Megaelosia_goeldii,ku:kuh:92962,present
Megastomatohyla_mixomaculata,Megastomatohyla,Megastomatohyla_mixomaculata,ummz:herps:118171,present
Melanobatrachus_indicus,Melanobatrachus,Melanobatrachus_indicus,CES:F:1807,absent
Melanophryniscus_stelzneri,Melanophryniscus,Melanophryniscus_stelzneri,uf:herp:63183,absent
Meristogenys_jerboa,Meristogenys,Meristogenys_jerboa,ku:kuh:155612,present
Mertensiella_caucasica,Mertensiella,Mertensiella_caucasica,mvz:amphibianandreptilespecimens:mvz:herp:218721,present
Mertensophryne_micranotis,Mertensophryne,Mertensophryne_micranotis,cas:herp:162553,absent
Metacrinia_nichollsi,Metacrinia,Metacrinia_nichollsi,mcz:herp:a-58884,absent
Metaphrynella_pollicaris,Metaphrynella,Metaphrynella_pollicaris,ku:kuh:335688,absent
Metaphryniscus_sosai,Metaphryniscus,Metaphryniscus_sosai,usnm:amphibians & reptiles:550148,absent
Micrixalus_silvaticus,Micrixalus,Micrixalus_adonis,CES:F:1647,present
Microbatrachella_capensis,Microbatrachella,Microbatrachella_capensis,cas:herp:157008,present
Microcaecilia_albiceps,Microcaecilia,Microcaecilia_albiceps,cas:herp:10363,present
Microhyla_achatina,Microhyla,Microhyla_achatina,mcz:herp:a-2683,absent
Micryletta_inornata,Micryletta,Micryletta_inornata,cas:herp:231524,absent
Mimosiphonops_vermiculatus,Mimosiphonops,Mimosiphonops_vermiculatus,ku:kuh:93271,present
Minyobates_steyermarki,Minyobates,Minyobates_steyermarki,ku:kuh:189176,absent
Mixophyes_fasciolatus,Mixophyes,Mixophyes_fasciolatus,cas:herp:82050,present
Myersiella_microps,Myersiella,Myersiella_microps,amnh:herpetology:a-79860,absent
Myersiohyla_neblinaria,Myersiohyla,Myersiohyla_neblinaria,usnm:amphibians & reptiles:562071,present
Myobatrachus_gouldii,Myobatrachus,Myobatrachus_gouldii,mcz:herp:a-139543,absent
Nannophryne_variegata,Nannophryne,Nannophryne_variegata,usnm:amphibians & reptiles:15124,absent
Nannophrys_guentheri,Nannophrys,Nannophrys_guentheri,usnm:amphibians & reptiles:267603,present
Nanorana_pleskei,Nanorana,Nanorana_pleskei,usnm:amphibians & reptiles:82721,present
Nasikabatrachus_sahyadrensis,Nasikabatrachus,Nasikabatrachus_sahyadrensis,CES:F:203,absent
Natalobatrachus_bonebergi,Natalobatrachus,Natalobatrachus_bonebergi,cas:herp:156617,present
Nectocaecilia_petersii,Nectocaecilia,Nectocaecilia petersii,NOT SCANNED,present
Nectophryne_afra,Nectophryne,Nectophryne_afra,cas:herp:258098,absent
Nectophrynoides_viviparus,Nectophrynoides,Nectophrynoides_viviparus,cas:herp:174045,absent
Necturus_lewisi,Necturus,Necturus_lewisi,ncsm:ncsm-herp:19905,present
Neobatrachus_pictus,Neobatrachus,Neobatrachus_pictus,uf:herp:100822,present
Neurergus_crocatus,Neurergus,Neurergus_crocatus,mvz:amphibianandreptilespecimens:mvz:herp:236763,present
Nimbaphrynoides_occidentalis,Nimbaphrynoides,Nimbaphrynoides_occidentalis,: mcz:herp:a-26364,absent
Noblella_myrmecoides,Noblella,Noblella_myrmecoides,mcz:herp:a-A-89110,present
Notaden_bennettii,Notaden,Notaden_bennettii,cas:herp:78115,absent
Nothophryne_broadleyi,Nothophryne,Nothophryne_broadleyi,cas:herp:156126,present
Notophthalmus_viridescens,Notophthalmus,Notophthalmus_viridescens,uf:herp:84517,present
Nototriton_picadoi,Nototriton,Nototriton_picadoi,mvz:amphibianandreptilespecimens:mvz:herp:203739,present
Nyctanolis_pernix,Nyctanolis,Nyctanolis_pernix,mvz:amphibianandreptilespecimens:mvz:herp:263972,present
Nyctibates_corrugatus,Nyctibates,Nyctibates_corrugatus,cas:herp:256829,present
Nyctibatrachus_aliciae,Nyctibatrachus,Nyctibatrachus_aliciae,CES:F:775,present
Nyctimantis_rugiceps,Nyctimantis,Nyctimantis_rugiceps,ku:kuh:152476,present
Nyctimystes_daymani,Nyctimystes,Nyctimystes_daymani,uf:herp:109158,present
Nyctixalus_spinosus,Nyctixalus,Nyctixalus_spinosus,cas:sua:20916,present
Nymphargus_griffithsi,Nymphargus,Nymphargus_griffithsi,ku:kuh:118016,present
Occidozyga_laevis,Occidozyga,Occidozyga_laevis,ku:kuh:320174,present
Odontobatrachus_natator,Odontobatrachus,Odontobatrachus_natator,cas:herp:230204,present
Odontophrynus_americanus,Odontophrynus,Odontophrynus_americanus,cm:herps:147828,present
Odorrana_livida,Odorrana,Odorrana_livida,fmnh:amphibiansandreptiles:24677,present
Oedipina_uniformis,Oedipina,Oedipina_uniformis,mvz:amphibianandreptilespecimens:mvz:herp:190853,present
Ommatotriton_vittatus,Ommatotriton,Ommatotriton_vittatus,mvz:amphibianandreptilespecimens:mvz:herp:219525,present
Onychodactylus_japonicus,Onychodactylus,Onychodactylus_japonicus,cas:herp:26711,present
Oophaga_pumilio,Oophaga,Oophaga_pumilio,uf:herp:80874,absent
Opisthothylax_immaculatus,Opisthothylax,Opisthothylax_immaculatus,cas:herp:258235,present
Oreobates_quixensis,Oreobates,Oreobates_quixensis,cas:sua:11453,present
Oreolalax_pingii,Oreolalax,Oreolalax_pingii,cas:herp:194560,present
Oreophryne_streiffeleri,Oreophryne,Oreophryne_streiffeleri,amnh:herpetology:a-192281,absent
Oreophrynella_nigra,Oreophrynella,Oreophrynella_nigra,usnm:amphibians & reptiles:550182,absent
Oscaecilia_ochrocephala,Oscaecilia,Oscaecilia_ochrocephala,cas:sua:21864,present
Osornophryne_bufoniformis,Osornophryne,Osornophryne_bufoniformis,usnm:amphibians & reptiles:322774,absent
Osteocephalus_taurinus,Osteocephalus,Osteocephalus_taurinus,uf:herp:27081,present
Osteopilus_septentrionalis,Osteopilus,Osteopilus_septentrionalis,uf:herp:63656,present
Otophryne_robusta,Otophryne,Otophryne_robusta,amnh:herpetology:a-131554,absent
Oxydactyla_stenodactyla,Oxydactyla,Oxydactyla_stenodactyla,mcz:herp:a-A-111974,absent
Pachyhynobius_shangchengensis,Pachyhynobius,Pachyhynobius_shangchengensis,cas:herp:194247,present
Paedophryne_amauensis,Paedophryne,Paedophryne_amauensis,lsumz:herps:95004,absent
Paracassina_obscura,Paracassina,Paracassina_obscura,cas:herp:145354,present
Paracrinia_haswelli,Paracrinia,Paracrinia_haswelli,mcz:herp:a-A-45643,present
Paradactylodon_mustersi,Afghanodon,Batrachuperus_mustersi ,CAS147040,present
Paradactylodon_persicus,Paradactylodon,Paradactylodon_persicus,mvz:amphibianandreptilespecimens:mvz:herp:241494,present
Paradoxophyla_palmata,Paradoxophyla,Paradoxophyla_palmata,mcz:herp:a-136648,absent
Paramesotriton_deloustali,Paramesotriton,Paramesotriton_deloustali,fmnh:amphibiansandreptiles:259125,present
Parapelophryne_scalpta,Parapelophryne,Parapelophryne scalptus, rom:reptiles and amphibians:44356,absent
Paratelmatobius_lutzii,Paratelmatobius,Paratelmatobius_lutzii,usnm:amphibians & reptiles:525811,present
Parhoplophryne_usambarica,Parhoplophryne,Parhoplophryne_usambarica,mcz:herp:a-A-13818,absent
Parvimolge_townsendi,Parvimolge,Parvimolge_townsendi,mvz:amphibianandreptilespecimens:mvz:herp:163723,present
Pedostibes_hosii,Rentapia,Rentapia_hosii,fmnh:amphibiansandreptiles:231193,absent
Pedostibes_tuberculosus,Pedostibes,Pedostibes_tuberculosus,fmnh:amphibiansandreptiles:218144,absent
Pelobates_fuscus,Pelobates,Pelobates_fuscus,uf:herp:36935,present
Pelodytes_caucasicus,Pelodytes,Pelodytes_caucasicus,cas:herp:94059,present
Pelophryne_lighti,Pelophryne,Pelophryne_lighti,ku:kuh:310635,absent
Pelophylax_ridibundus,Pelophylax,Pelophylax_ridibundus,cas:herp:217695,present
Peltophryne_guentheri,Peltophryne,Peltophryne_guentheri,uf:herp:104862,absent
Petropedetes_palmipes,Petropedetes,Petropedetes_palmipes,cas:herp:153715,present
Phaeognathus_hubrichti,Phaeognathus,Phaeognathus_hubrichti,ummz:herps:130609,present
Phasmahyla_guttata,Phasmahyla,Phasmahyla_guttata,ku:kuh:92270,present
Philautus_jerdonii,Nasutixalus,Nasutixalus_medogensis,KIZ:014092,present
Philautus_surdus,Philatus,Philautus_surdus,ku:kuh:321696,present
Philoria_frosti,Philoria,Philoria_frosti,fmnh:amphibiansandreptiles:97942,present
Phlyctimantis_leonardi,Phlyctimantis,Phlyctimantis_leonardi,cas:herp:258273,present
Phrynella_pulchra,Phrynella,Phrynella_pulchra,mvz:amphibianandreptilespecimens:mvz:herp:271671,absent
Phrynobatrachus_krefftii,Phrynobatrachus,Phrynobatrachus_krefftii,cas:herp:168486,present
Phrynoidis_aspera,Phrynoidis,Phrynoidis_aspera,usnm:amphibians & reptiles:586870,absent
Phrynomantis_annectens,Phrynomantis,Phrynomantis annectens,AMB:10086,absent
Phrynomedusa_fimbriata,Phrynomedusa,Phrynomedusa_fimbriata,ku:kuh:92273,present
Phrynopus_thompsoni,Phrynopus,Phrynopus_thompsoni,uf:herp:104034,present
Phyllobates_bicolor,Phyllobates,Phyllobates_bicolor,uf:herp:71742,present
Phyllodytes_luteolus,Phyllodytes,Phyllodytes_luteolus,ku:kuh:74250,present
Phyllomedusa_azurea,Pithecopus,Pithecopus_azurea,mcz:herp:a-A-29952,present
Phyllomedusa_bicolor,Phyllomedusa,Phyllomedusa_bicolor,cas:herp:259760,present
Phyllomedusa_perinesos,Callimedusa,Callimedusa_perinesos,mcz:herp:a-A-97778,present
Physalaemus_gracilis,Physalaemus,Physalaemus_gracilis,ypm:vz:ypm hera 009630,present
Phyzelaphryne_miriamae,Phyzelaphryne,Phyzelaphryne_miriamae,usnm:amphibians & reptiles:239363,present
Pipa_carvalhoi,Pipa,Pipa_carvalhoi,mcz:herp:a-25737,present
Pipa_parva,Pipa,Pipa_parva,uf:herp:37924,absent
Platymantis_polillensis,Platymantis,Platymantis_polillensis,ku:kuh:313722,present
Platyplectrum_spenceri,Platyplectrum,Platyplectrum_spenceri,mcz:herp:a-A-22384,present
Plectrohyla_guatemalensis,Plectrohyla,Plectrohyla_guatemalensis,uf:herp:142375,present
Plethodon_glutinosus,Plethodon,Plethodon_glutinosus,uf:herp:3183,present
Pleurodeles_waltl,Pleurodeles,Pleurodeles_waltl,uf:herp:93517,present
Pleurodema_nebulosum,Pleurodema,Pleurodema_nebulosum,cas:sua:15635,present
Polypedates_macrotis,Polypedates,Polypedates_macrotis,ku:kuh:327008,present
Poyntonia_paludicola,Poyntonia,Poyntonia_paludicola,cas:herp:165936,present
Poyntonophrynus_grandisonae,Poyntonophrynus,Poyntonophrynus_grandisonae,AMB10340,absent
Praslinia_cooperi,Praslinia,Praslinia_cooperi,ummz:herps:183007,present
Pristimantis_pluvicanorus,Yunganastes,Yunganastes pluvicanorus,amnh:herpetology:a-165193,present
Pristimantis_prolixodiscus,Tachiramantis,Tachiramantis_prolixodiscus,ku:kuh:132728,present
Pristimantis_vinhai,Pristimantis,Pristimantis_vinhai,usnm:amphibians & reptiles:284544,present
Probreviceps_macrodactylus,Probreviceps,Probreviceps_macrodactylus,uf:herp:111075,absent
Proceratophrys_boiei,Proceratophrys,Proceratophrys_boiei,cm:herps:45986,present
Proteus_anguinus,Proteus,Proteus_anguinus,mvz:amphibian and reptile specimens:mvz:herp:244076,present
Pseudacris_ornata,Pseudacris,Pseudacris_ornata,uf:herp:159-19,present
Pseudhymenochirus_merlini,Pseudhymenochirus,Pseudhymenochirus_merlini,cas:herp:257120,absent
Pseudis_paradoxa,Pseudis,Pseudis_paradoxa,uf:herp:71527,present
Pseudobranchus_striatus,Pseudobranchus,Pseudobranchus_striatus,uf:herp:179649,present
Pseudobufo_subasper,Pseudobufo,Pseudobufo_subasper,ku:kuh:335697,absent
Pseudoeurycea_bellii,Isthmura,Isthmura_bellii,uf:herp:96528,present
Pseudoeurycea_cephalica,Aquiloeurycea,Aquiloeurycea_cephalica,uf:herp:44597.7,present
Pseudoeurycea_leprosa,Pseudoeurycea,Pseudoeurycea_leprosa,mvz:amphibianandreptilespecimens:mvz:herp:158765,present
Pseudohynobius_flavomaculatus,Pseudohynobius,Pseudohynobius_flavomaculatus,mvz:amphibianandreptilespecimens:mvz:herp:231152,present
Pseudopaludicola_falcipes,Pseudopaludicola,Pseudopaludicola_falcipes,ypm:vz:ypm hera 009648,present
Pseudophilautus_microtympanum,Pseudophilautus,Pseudophilautus_microtympanum,uf:herp:100578,present
Pseudophryne_bibronii,Pseudophryne,Pseudophryne bibronii,uf:herp:100826,absent
Pseudotriton_ruber,Pseudotriton,Pseudotriton_ruber,uf:herp:158468,present
Psychrophrynella_bagrecito,Psychrophrynella,Psychrophrynella bagrecito, amnh:herpetology:a-159115,present
Psychrophrynella_wettsteini,Microkayla,Microkayla_wettsteini,ku:kuh:183051,present
Pterorana_khare,Pterorana,Pterorana_khare,cas:herp:235143,present
Ptychadena_upembae,Ptychadena,Ptychadena_sp,cas:herp:256862,present
Ptychohyla_sanctaecrucis,Quilticohyla,Quilticohyla_sanctaecrucis, ku:kuh:217288,present
Ptychohyla_spinipollex,Ptychohyla,Ptychohyla_spinipollex,ku:kuh:204216,present
Pyxicephalus_adspersus,Pyxicephalus,Pyxicephalus_adspersus,uf:herp:92093,present
Quasipaa_boulengeri,Quasipaa,Quasipaa_boulengeri,usnm:amphibians & reptiles:107546,present
Ramanella_montana,Uperodon,Uperodon_montanus,uf:herp:20016,absent
Rana_capito,Rana,Rana_capito,uf:herp:159097,present
Rana_clamitans,Lithobates,Rana_clamitans,uf:herp:76511,present
Ranitomeya_reticulata,Ranitomeya,Ranitomeya_reticulata,mcz:herp:a-89069,absent
Ranodon_sibiricus,Ranodon,Ranodon_sibiricus,ummz:herps:127463,present
Raorchestes_bombayensis,Raorchestes,Raorchestes_flaviocularas,CES:F:1253,present
Rhacophorus_bimaculatus,Leptomantis,Leptomantis_bimaculatus,ku:kuh:313790,present
Rhaebo_blombergi,Rhaebo,Rhaebo_blombergi,uf:herp:104602,absent
Rheobates_palmatus,Rheobates,Rheobates_palmatus,usnm:amphibians & reptiles:137777,present
Rheobatrachus_silus,Rheobatrachus,Rheobatrachus_silus,cas:herp:153753,present
Rhinatrema_bivittatum,Rhinatrema,Rhinatrema_bivittatum,byu:main:48675,present
Rhinella_marina,Rhinella,Rhinella_marina,uf:herp:172560,absent
Rhinoderma_darwinii,Rhinoderma,Rhinoderma_darwinii,uf:herp:62022,absent
Rhinophrynus_dorsalis,Rhinophrynus,Rhinophrynus_dorsalis,cas:herp:71766,absent
Rhombophryne_alluaudi,Plethodontohyla,Plethodontohyla_alluaudi,mcz:herp:a-A120467,present
Rhombophryne_testudo,Rhombophryne,Rhombophryne_testudo,uf:herp:153535,present
Rhyacotriton_olympicus,Rhyacotriton,Rhyacotriton_olympicus,ummz:herps:135501,present
Rulyrana_spiculata,Rulyrana,Rulyrana_spiculata,usnm:amphibians & reptiles:342777,present
Sabahphrynus_maculatus,Sabahphrynus,Sabahphrynus maculata,mvz:amphibian and reptile specimens:mvz:herp:234680,absent
Sachatamia_ilex,Sachatamia,Sachatamia_ilex,ku:kuh:221613,present
Salamandra_salamandra,Salamandra,Salamandra_salamandra,mcz:herp:a-2796,present
Salamandrella_keyserlingii,Salamandrella,Salamandrella_keyserlingii,mvz:amphibianandreptilespecimens:mvz:herp:222337,present
Salamandrina_terdigitata,Salamandrina,Salamandrina_terdigitata,mvz:amphibianandreptilespecimens:mvz:herp:178849,present
Sanguirana_everetti,Sanguirana,Sanguirana_cf._everetti,ku:kuh:306863,present
Scaphiophryne_calcarata,Scaphiophryne,Scaphiophryne_calcarata,mcz:herp:a-120691,absent
Scaphiopus_holbrookii,Scaphiopus,Scaphiopus_holbrookii,uf:herp:9620,present
Scarthyla_goinorum,Scarthyla,Scarthyla_ostinodactyla,usnm:amphibians & reptiles:281671,present
Schismaderma_carens,Schismaderma,Schismaderma_carens,cas:herp:196558,absent
Schistometopum_gregorii,Schistometopum,Schistometopum_gregorii,cas:herp:245198,present
Scinax_staufferi,Scinax,Scinax_staufferi,uf:herp:137479,present
Scolecomorphus_kirkii,Scolecomorphus,Scolecomorphus_kirkii,fmnh:amphibiansandreptiles:255934,present
Scotobleps_gabonicus,Scotobleps,Scotobleps_gabonicus,cas:herp:256863,present
Scutiger_boulengeri,Scutiger,Scutiger_boulengeri,cas:herp:196766,present
Scythrophrys_sawayae,Scythrophrys,Scythrophrys_sawayae,usnm:amphibians & reptiles:137662,present
Sechellophryne_gardineri,Sechellophryne,Sechellophryne_gardineri,cas:herp:156991,present
Semnodactylus_wealii,Semnodactylus,Semnodactylus_wealii,cas:herp:127787,present
Silverstoneia_nubicola,Silverstoneia,Silverstoneia_nubicola,ku:kuh:76833,present
Siphonops_annulatus,Siphonops,Siphonops_annulatus,cas:herp:74304,present
Siren_intermedia,Siren,Siren_intermedia,uf:herp:123993,present
Smilisca_fodiens,Smilisca,Smilisca_fodiens,ku:kuh:062348,present
Sooglossus_sechellensis,Sooglossus,Sooglossus_sechellensis,cas:herp:160084,present
Spea_multiplicata,Spea,Spea_multiplicata,uf:herp:100788,present
Spelaeophryne_methneri,Spelaeophryne,Spelaeophryne_methneri,cas:herp:11521,absent
Sphaenorhynchus_lacteus,Sphaenorhynchus,Sphaenorhynchus_lacteus,cas:herp:245061,present
Sphaerotheca_breviceps,Sphaerotheca,Sphaerotheca_breviceps,uf:herp:20069,present
Sphenophryne_cornuta,Sphenophryne,Sphenophryne_cornuta,amnh:herpetology:a-83048,absent
Spicospina_flammocaerulea,Spicospina,Spicospina flammocaerulea,WAM 112150,absent
Spinomantis_aglavei,Spinomantis,Spinomantis_aglavei,cas:herp:250569,present
Staurois_natator,Staurois,Staurois_natator,cas:herp:145994,present
Stefania_scalae,Stefania,Stefania_scalae,ku:kuh:167241,present
Stereochilus_marginatus,Stereochilus,Stereochilus_marginatus,uf:herp:32560,present
Stereocyclops_incrassatus,Stereocyclops,Stereocyclops_incrassatus,amnh:herpetology:a-73552,absent
Strabomantis_anomalus,Strabomantis,Strabomantis_anomalus,cas:herp:119754,present
Strauchbufo_raddei,Strauchbufo,Strauchbufo_raddei,usnm:amphibians & reptiles:68677,absent
Strongylopus_grayii,Strongylopus,Strongylopus_grayii,cas:herp:211614,present
Stumpffia_pygmaea,Stumpffia,Stumpffia_pygmaea,UF:Herp:15363,absent
Sylvacaecilia_grandisonae,Sylvacaecilia,Sylvacaecilia_grandisonae,ummz:herps:227904,present
Synapturanus_mirandaribeiroi,Synapturanus,Synapturanus_mirandaribeiroi,amnh:herpetology:a-90935,absent
Tachycnemis_seychellensis,Tachycnemis,Tachycnemis_seychellensis,fmnh:amphibians and reptiles:213700,present
Taricha_granulosa,Taricha,Taricha torosa,mcz:herp:a-150332,present
Taruga_eques,Taruga,Taruga_eques,uf:herp:168200,present
Taudactylus_diurnus,Taudactylus,Taudactylus_diurnus,mcz:herp:a-100671,absent
Telmatobius_carrillae,Telmatobius,Telmatobius_carrillae,uf:herp:39717,absent
Telmatobius_thompsoni,Telmatobius,Telmatobius_thompsoni,uf:herp:39734,present
Telmatobufo_venustus,Telmatobufo,Telmatobufo_venustus,ku:kuh:161438,present
Tepuihyla_rodriguezi,Tepuihyla,Tepuihyla_rodriguezi,ku:kuh:167004,present
Teratohyla_spinosa,Teratohyla,Teratohyla_spinosa,ku:kuh:123221,present
Theloderma_stellatum,Theloderma,Theloderma_stellatum,ncsm:ncsm-herp:80384,present
Thorius_pennatulus,Thorius,Thorius_pennatulus,mvz:amphibianandreptilespecimens:mvz:herp:163716,present
Thoropa_miliaris,Thoropa,Thoropa_miliaris,cm:herps:68357,present
Tlalocohyla_smithii,Tlalocohyla,Tlalocohyla_smithii,ummz:herps:104779,present
Tomopterna_delalandii,Tomopterna,Tomopterna_delalandii,cas:herp:157511,present
Trachycephalus_jordani,Trachycephalus,Trachycephalus_jordani,uf:herp:98302,present
Trichobatrachus_robustus,Trichobatrachus,Trichobatrachus_robustus,cas:herp:254134,present
Triprion_petasatus,Triprion,Triprion_petasatus,uf:herp:98441,present
Truebella_tothastes,Truebella,Truebella_tothastes,ku:kuh:196599,absent
Tylototriton_verrucosus,Tylototriton,Tylototriton_verrucosus,cas:herp:242371,present
Typhlonectes_compressicauda,Typhlonectes,Typhlonectes_compressicauda,cas:herp:125421,present
Uperodon_systoma,Uperodon,Uperodon_systoma,cas:herp:85287,present
Uperoleia_mahonyi,Uperoleia,Uperoleia_mahonyi,literature,present
Uperoleia_rugosa,Uperoleia,Uperoleia_rugosa,cas:herp:82641,absent
Uraeotyphlus_oxyurus,Uraeotyphlus,Uraeotyphlus_oxyurus,uf:herp:62870,present
Urspelerpes_brucei,Micryletta inornata NCSM 80330,Urspelerpes_brucei,DM6337,present
Vandijkophrynus_gariepensis,Vandijkophrynus,Vandijkophrynus_gariepensis,mcz:herp:a-106508,absent
Vitreorana_antisthenesi,Vitreorana,Vitreorana_antisthenesi,ku:kuh:167350,present
Wakea_madinika,Wakea,Wakea_madinika,ZSM:601/2001,absent
Werneria_preussi,Werneria,Werneria_preussi,cas:herp:162678,absent
Wolterstorffina_mirei,Wolterstorffina,Wolterstorffina_mirei,mcz:herp:a-137999,absent
Xenohyla_truncata,Xenohyla,Xenohyla_truncata,ku:kuh:92190,present
Xenophrys_major,Megophrys,Megophrys_major,cas:herp:245473,present
Xenopus_clivii,Xenopus,Xenopus_clivii,uf:herp:92074,present
Xenorhina_mehelyi,Xenorhina,Xenorhina_mehelyi,amnh:herpetology:a-82291,absent
Zachaenus_parvulus,Zachaenus,Zachaenus_parvulus,cas:sua:11907,present